{"version":2,"hash":{"type":"Buffer","data":"58DFJeUHRfX0eaXTDGLnh+yiU2iLlPE4Z7TnOkC8rgoBpfo26+7q6D+Wjqs8VOVpeK+HpMTapRqmTyTgbRViNvV16MuG35DYhbF/jCFTrDBsnxyzEinyU4TWdeEfCowRvfgzC/qR/hrzH7ViOf7UNh2wbF720Amcfgopu3ijCLM="},"indexValueMap":{"mYnJVSn4SRxZjeY/ZiMF023NXor3SX3CBIHWkVpQIms=":{"valueMac":{"type":"Buffer","data":"TwCjG/FVkT6p/jiFgtnGXWhx8Hn3x31zLYUUYgMKoLM="}},"+fniEhjtV/W7bGrXSBPwqmu2fzwyMseOGKlnryOVVcw=":{"valueMac":{"type":"Buffer","data":"a3s/YxL2NbtJHYfA2TzAL/3piUfViztXraE0LYrtGzw="}},"wod21LLUgiO9A2WjuImBE5v7k2cPW0/hQmUIIHFGedQ=":{"valueMac":{"type":"Buffer","data":"khJf323vqhdalqhbvP539ahkzi2IblBr5GufNUnThno="}},"l7hjYGaO+zoE6naFebwHt6N77zAxIgWbkO2Xn/fAPP0=":{"valueMac":{"type":"Buffer","data":"ph9eEW4RKm6ofL7ijnkfiUFXakqeGtvAYEsQiaxPDl8="}},"HFTmrUn3aEKqihW3lr0D2HcztS1YAVMdcXIdVTb6QOU=":{"valueMac":{"type":"Buffer","data":"xEkj6z21LOHD6yQeBNlTZ/JYhzCrGApgCeK6roYXTuY="}},"2kOgLFjKYhuCsqJtStmjSXJv1XVLkNR64HnpYXOIOKg=":{"valueMac":{"type":"Buffer","data":"lxlY5IT1r5Iw6hrHYOmqIzocBLubF/gCwWviROTxJ4w="}},"NERCWfZccNN9CJt76JNIGl8kYVxWW/mwGKXW6qcS3b0=":{"valueMac":{"type":"Buffer","data":"p9ii2zNelivkNgtYkuj6vhSEJqxGCAVOXY+qMD/mtOM="}}}}