{"version":2,"hash":{"type":"Buffer","data":"wxSNE6STuioVlr7erx/C8KPEjV7ouDLP8jG5ynb6FI2YG/+0doeJeMDuMqkyPROC0G3NtNq2g3vLOckpKFsrPgi9YPh1G6p1EsaqwY8Kjsxt/nA0gBEIJODHTlX9slmrRtufHL9N7yQ/9kBEw7kf+WPmkBWxLPZgRB3rlVFvnlA="},"indexValueMap":{"2s4m0wVBW5UVY7wD/8JXqtuJNbdZoq1MqO3QgJq883o=":{"valueMac":{"type":"Buffer","data":"y3UHoj8YgHvVvRkE2eMIepogpWroe0vaI9xRkB79NGs="}},"C6HV5pywrJqFqL8X2xR1j4pP2w/3BKIYLqmyfRe/ZG0=":{"valueMac":{"type":"Buffer","data":"M9F7364IGNEZllRTThemcnfZU1tCtKEMmVuoIhP1gS8="}},"dgcgM0hYXFi1LS6777YhJapXiwFBueV7XC/oKrKTD5A=":{"valueMac":{"type":"Buffer","data":"sBbFbCpg+imw871fRRGHAfuplyXb4/30GNVRajijsyc="}},"xM444l+AMcMoLOyzeMwZHatDh+I9MxMLLqithyJJ0DI=":{"valueMac":{"type":"Buffer","data":"C9nOxl/TzbAG0awUgUKjrqJeU4JXQpWaklFwHd0Sh60="}},"seZ0fwdYaQFIqQDzhk4Czn+hhhNUqrw5g87DRBfh3r8=":{"valueMac":{"type":"Buffer","data":"JEBLoJbwSEk7zgYERMuE/2jaKn4jsDHhddZHVyyJgcE="}},"TLrBiEILSEojJBpTFxKpGsSlgxYXttNlPKb08+VLXTM=":{"valueMac":{"type":"Buffer","data":"1GkrlXV7SDDtR7kRi9JYx56x/9sga7ByifaXtyzIwF4="}}}}