{"version":5,"hash":{"type":"Buffer","data":"xxMtPGywZUJucrIVA7YYJwiU4MgzkAh51U1qsqp2y7DClW5tTDQRzfRRPMqTk1KOdVz/7QV++PAxUvG8EqrztzVGw1Mj2G4V58+TmONQZKx4aY+d4Mmls/aT89fghhLeiQz0Ic+a/I0/2ZICv2aMacjiO2fIcSuSO/o6v+NuIa8="},"indexValueMap":{"7H2mzk5fEjE4oKnn14P5eCn87itaPTTF99jGKidqqkE=":{"valueMac":{"type":"Buffer","data":"gVVU6+8nEaFZOtqG6ZaLpj7CnfEHgjIWmIOeb8hXihQ="}},"JLon9i+jlh8lJ2p/G/vw2K2+B9UoT69lowZCo5ofAXw=":{"valueMac":{"type":"Buffer","data":"8H89C0UmzswDRksL5SBI++wBceKwx0MpmRX2izQbGkk="}},"zm33WOG0IScYQEIWu1AkCP/oVi3YFAo379EfmJHMlQ4=":{"valueMac":{"type":"Buffer","data":"P0nAsEnJadbs6bvlYrWlJTI/9NDLVix9pGTWdu+VaJA="}},"3oDHcDjDwHy4BxhkqtHzCIlmjjuWD4GjMSFSKSkpsPk=":{"valueMac":{"type":"Buffer","data":"mpUfvxquPO6ptknTUu3HfNKb+YAmmSh7uQWH7ABFWdI="}},"YI7339P5y/AAa6rWGjOYqmVrFn0ooBFyoMX9jcUhYIA=":{"valueMac":{"type":"Buffer","data":"yw6JbxDWnu378S2K/NZEERbVpmSd5vIpTSYfVhu6xro="}},"uv8WbB2lJ6q/8KmjuB76XSeu8VK0J+WipT8GjZmlqME=":{"valueMac":{"type":"Buffer","data":"Gv7mPxrV0+EXyJ4s/M6Xusn8ZExjze9L1xLhUX0iMHk="}},"KP6bliXwEJkxMiNL3+agqVJfWUTfnFlzJ2rLGBiViY4=":{"valueMac":{"type":"Buffer","data":"Xp+2PiROMF8ESA28i7V71gnlNdx6vjIqwnB9byFU9Ao="}},"SqLsZOI8FXYqVimaulnL5KmJ5AsRUq2e7jr/+qnFh78=":{"valueMac":{"type":"Buffer","data":"vvoCRMeKjmBht7V8uTcnRlTvOI2bvN/2vT1mXI8kGV4="}},"mi/gaTTYjP3MM4zJ+YFI1cZFAlqCssRzDM+khiaRAB4=":{"valueMac":{"type":"Buffer","data":"lqSv9A/lg9kQlIO5Ii8anESFYWTv+kRgSubGAp8r14A="}},"2G4WZfgwcQibSgtyl322mmz5ZjXwHVhEbkuezAzWJWQ=":{"valueMac":{"type":"Buffer","data":"CGC9LHM6yi0qtEYJ9dvzcGPYE9xbP5+mMasZWsdMoyU="}},"u/OGYLb656bQk0+kneG4E9U1v6snpx4IAhgQeP2PWRw=":{"valueMac":{"type":"Buffer","data":"UaFe9e2sd71LAJTPvjYMDazJB56hRy/FmccWER8jhHs="}},"EDbND1OB74cbJ/jqG4oxeqAZ9ATSG26u8EjBz6dhv3c=":{"valueMac":{"type":"Buffer","data":"ravjRnl53mi/Z94R44HG/NROhAlEwCBuPs5DjkMiegU="}},"qlsvEYpBmuofvdlCN5wx/LaB6f8+YkzB7J4gEvracoI=":{"valueMac":{"type":"Buffer","data":"QhYhsuBJCFy90PwcxiYBziH0gkgaBAVb2TwkkTKrGp4="}},"6fWrKQxD07W+FwK/3Cu/8Sd0G3mspHbDPCvb482guiQ=":{"valueMac":{"type":"Buffer","data":"eVDyljKuOMgg71gVpj85Wm1RKDU0LsatjVe297ITJGk="}},"oZ5tHLNowfmv1X0ou3v0Ry01mNuUIMNIlBc07utA0uo=":{"valueMac":{"type":"Buffer","data":"Ed4I2QQ0jzuPEgXHmTmwX+iYV9z/Fs6MTgcVrjsdNxM="}},"QK/GLaXofuDWT0JaoHdU6IJlYAMe9NtiBWW5cHRpmmc=":{"valueMac":{"type":"Buffer","data":"Yowd1X99+NftAwxxYSXHP/1GdQbzNVzoXx5+7KmwYtE="}},"nvHkkuBFxi0k5VslJNUR2efXe3+CBT7o1n/9RHcDFNI=":{"valueMac":{"type":"Buffer","data":"2ca0eEnoSYCE8wz/re1tNbDOxip0j+RYJ0oUgXTKdFk="}},"RJuVOie4jCzKjU8XDrRijmDqPPLNOZntLrEBWdZHQPE=":{"valueMac":{"type":"Buffer","data":"+AQxPmXAk/H3APhqEtr3qvFPmi98cQJxAu6I7eKG0yQ="}},"hFgsYEkBfU7iNKhfg0uzFo1I+fEV6sP7NkIsQ0IynrE=":{"valueMac":{"type":"Buffer","data":"MSnMf9xyyiMPS7hgOaM7baxU3YzPiiITFxfeie5rttM="}},"SZsTUr4sk5IKIUx8vKrXHDsvZV+HymxjnQpCodmqI40=":{"valueMac":{"type":"Buffer","data":"LcJLHrzl3VCH8AAspYj7lsluyBEUmwFGVIXNp3rZy4k="}},"0B2XmBeTPljs693wBX0N77c2gxW2NJD3SQ1WmxhygTA=":{"valueMac":{"type":"Buffer","data":"dR/3oDyDBCYJ1gyCu1SnHmE/gYVC1/S2Qg0MHC5Gg+4="}},"HPYk/9fY2x0HdM4VIQ+SS6dyaKLd7atORpvvD1k7zmk=":{"valueMac":{"type":"Buffer","data":"hLoMV6ZsPijJQnkVubdclEdxDReWksrE9GPZf+okd2s="}},"pyrh8hJtZvOPCHVMCKBme65Yiv6oKma7YCP10BdP/B0=":{"valueMac":{"type":"Buffer","data":"hhxxxluHEnYGjNnAexRCR7c1L4T3p2sOJpTFYc5E2ks="}},"MIrtDFbv0w690S/FYmTFUNBs16exP0melW1XsGiOA9c=":{"valueMac":{"type":"Buffer","data":"9jppzF+HGQtizwXmRx1Fvo0tzh4/IFtW4ZlX7KjNj0U="}},"fmXYZjUwZ5Gtyd4pBn7m2uLbetTFrp9RRbFpOwOaZnI=":{"valueMac":{"type":"Buffer","data":"dHEe1TRciBY/8fdOrI+yF9k9JMk82HMmpjK7JNXpg+I="}},"RcqxLtyYtLQ8ZF0LnetxGy3gJtEVgerokiIJDEs/QGo=":{"valueMac":{"type":"Buffer","data":"sEfuRsUQnaGeX1uF/ToXhnBw2ELtOluRmRMJUf5wMIc="}},"ufj6cFecXdSfuw/RVPscbbI5yaLX4ZCVwU/RSSKqZZM=":{"valueMac":{"type":"Buffer","data":"g0GtJSqTDvbIbpFUwT7FLc70Z1v03qtTqJatpfMZuok="}},"IsXNSCaJujBM6ezUC01g1Xag1x6hy8zbt0/Ro27/qjQ=":{"valueMac":{"type":"Buffer","data":"uzPsfwxKXsTP/pnLglVws65aqxByo8P22mkARx/abXQ="}},"gULDmQy1l3jEGeSa2+A2KsSvPw/ybo6BzuER5OFmAhk=":{"valueMac":{"type":"Buffer","data":"5NQl2W811rAHqxyX3hiuZkGKkDA4cNc+ITBj5EqVrlA="}},"NwjDEHaDpfSVEjwz4TMgxFA+Fj59gM8+JGRxnvVOPN8=":{"valueMac":{"type":"Buffer","data":"ukElDwtgjjggZsIA9JWXxaOqXt0VfOP0P6ebN/ks7IQ="}},"It8K3RZRrcnqkuV4kEEObUivzqNEn21yawO3Qx9YJ78=":{"valueMac":{"type":"Buffer","data":"LnngfnoKD9zEP/j8283q/+RkIBF3gatz87wJz9rkHa4="}},"FucWkl2r9dzN35CIcyPASftLW2NYh16w1qDkLhN8Fm8=":{"valueMac":{"type":"Buffer","data":"FIkfuSV4Er7dPmWo+z0KWGDJs8ktl36Da011z33Ru2Q="}},"TlyJs3x9fxS041+OD4obShk+vBsBF2hNPcGmOpZxJWY=":{"valueMac":{"type":"Buffer","data":"O3Vh/TOon6kcXlokX8IX5WsBlDbRUKSlUhqkA2fR9P8="}},"DZ9yfNm3i47umC7Qa8Zj/xuXADs8CiTCcz+PgJNENog=":{"valueMac":{"type":"Buffer","data":"wFqxf6Px0OEpSch7RFBoI3jLmisUfPuFrWGN9avyQOM="}},"NzlCahXJGFf/T7aPKS1V9HUapm9KcjYcR5dhjtO5aAE=":{"valueMac":{"type":"Buffer","data":"pvtHtvEKbWjtLsC4MwDHY1tDf1UsC0Rfe6ZBoocOpII="}},"DRkA2pin03tCk6uD5xRMuwjPbqvLyhF4S/jxPKekL+A=":{"valueMac":{"type":"Buffer","data":"vy0AiHQhO3GFq50753rnfI6547qkRyv+trkydxYFnA8="}},"7fon1DZwFBxLXyJGemmIKRPAzMsKTyPbu6xAcWlNfww=":{"valueMac":{"type":"Buffer","data":"p+zdfIRTlVaQpVxiL+/xNGXS5s4kpZ6TkWFrtc4r10k="}},"g7uFXvPVj704rrbqJi5fhAdTA/ezKCtfMrU36b1uCb4=":{"valueMac":{"type":"Buffer","data":"oDL5BFLXhUC0KRolfSg3aAJI0u8+BDdTFRpPUuJcSTE="}},"yt9D3Bx5mcGodSbHDfQwuTga8D5oFVI71xefKe1/MLQ=":{"valueMac":{"type":"Buffer","data":"RfdpnRZiX4hsgRwUCouQ9fWp2NJzJUo+y9svSgriv/Y="}},"9SbGDxFbuHqQOjKQTrDxP+gOUl+3yd3Qm+y1UBG069A=":{"valueMac":{"type":"Buffer","data":"FVoB4coFY0WUFF9LxKaPTiTF8jWAVsa1DSAbBqUVgiM="}},"Z8GlX8WwzXvV+i2uM7PiPqOdvxCLoqffKpdaTJLbWWM=":{"valueMac":{"type":"Buffer","data":"KgNGyLIwEohtwEoxbh8BNr/KWHD0MmwwdwFPbpSoRUo="}},"a5j5Fj4jv+R/TN7/mcDFEkmEMdzfMY05wAVJ+5AG0sM=":{"valueMac":{"type":"Buffer","data":"TVoVy57rnqMyBIPEKfqalcASooy4ae3g0taiH5GPHng="}},"IDizpOuKchBxOR9Th5LI65Tw5BMqp52IyxRDNjjgZDA=":{"valueMac":{"type":"Buffer","data":"09uKmQ5Sz0oetiSnosiJ0cEqCNFKaM0PjsmyC5PeewM="}},"x341WESH5HCQ/qSE+o/7cZkP27uK+AEXqXBPdJSVb18=":{"valueMac":{"type":"Buffer","data":"Ojlno7GkepYVUPxn0qnYV4cWfrYVMvNiOuzUpVCLQeE="}},"ZT9kVM52MUkxxGqhajpg6diUQujLGWKVvyP1z5aa7YQ=":{"valueMac":{"type":"Buffer","data":"1rg7gArbYnGUhni3mQPXoeSVITxfMCU3GW8b57pv4oE="}},"1+3VacyLPwyRXxFCu4RdHF+9izt6AmVrMvFss0C5L9o=":{"valueMac":{"type":"Buffer","data":"6IFNFyzedJA/QiMxfeb6mJO8jomiePJTDclXhGA3OK8="}},"rNzXxCe/MzREh5KV/+vJW+DpuSRuBEUKflvrUQlGWts=":{"valueMac":{"type":"Buffer","data":"mF9YSFfYmBs/PJHOgVQmnvz/8PO7UTuZwXDzLI1qkYs="}},"OXQOGQ4LU6uzwRSF18v+tNC4p7jc4Esd+NaWF9BkzFc=":{"valueMac":{"type":"Buffer","data":"SXgnQaYhnoP84jDCQ33N86sNLlU6ogGK/TTE8liV10k="}},"zqGIBZZRTTrXwCn3EepcYLtpem6GayHDCjjfoEb0Hfg=":{"valueMac":{"type":"Buffer","data":"HI6AnkLWn6jJvbctA6P9L4S5DA/pejBwcI73QVVByN4="}},"GU7P0gqRcBII3ZHEhBX2evb4JiURE/YjjoZCt3TxOqM=":{"valueMac":{"type":"Buffer","data":"sKOnIAcnIUDKTfXOQ1syjiXTBcPIsHp/f/ssTzJwW8o="}},"SWVCwcoGuMVa+OmNbxNH6p8XO94IMQSQHXqTFW4ILls=":{"valueMac":{"type":"Buffer","data":"/QXe9R/ivslMwy0afJnxrpF3cLE479T+0E0otE7guE8="}},"JiGomxaWoJBdNWhGRyvnvU11rvFieIChP+ynHm+ZAac=":{"valueMac":{"type":"Buffer","data":"knkkVSpSCFp1FhN5bL6o1UTShAuziIrEB6Pc/ZBUM+U="}},"w43OjWx+r+vbl/e04yvOxnFIDK4D0wG8XdKMPe0xMOA=":{"valueMac":{"type":"Buffer","data":"QIiaiGuQEYk6f6ozjwT1S1DU2Z/ghd51+3mlBtIX/I8="}},"aBn/88Nudg4lU5vA8BDKnEXHz1TKaeNkSTNGLlgYSTE=":{"valueMac":{"type":"Buffer","data":"uW4lbrSj5uF2APnZh9tFQdX8pmCjQL8g1Wi58NFv97A="}},"b/Z37U+ugTDLT2XOcNVGA62E4aDWxQA2lDOqfeILRnI=":{"valueMac":{"type":"Buffer","data":"5pbZ7tTYMf0gyd+PA0aHHBV7/IlV038Y3t5sEB6fMxw="}},"3qgsBQKhrBJR54oWsvzIc+FG6KrLYdi1seslJqg1Ggs=":{"valueMac":{"type":"Buffer","data":"cnGZJSkXny4+m7k5T02bC3HFXX9MFqJ7OfHT8aYqWq0="}},"mkJcYyXr0A+5cuKISjClwGzQOe6Z9WyIO9iZrcAO9zM=":{"valueMac":{"type":"Buffer","data":"GtyaIiaj6/C9kQpiP7qrBRIhRUCLiaYTI2mZOI1R7ZI="}},"dxMtmrqKzY9yhr9+7igaSqYEtiIESL3VTL7ajQO78sA=":{"valueMac":{"type":"Buffer","data":"4H846wVo3zC6flu99i3zATQpNxMB7owJBcpCvBc0b3c="}},"9WXUYFi3+Mn+iTwcpXyU8N0JThp1hpFls4XXXXU8y3U=":{"valueMac":{"type":"Buffer","data":"QaOqK+Tfbzd50ls9oSZguC20aKsAvRZt9xR3uWgXG7g="}},"gQxs8y8QXxscD75hJELISV/wBpyrqmG7Hc7OQ6+J+To=":{"valueMac":{"type":"Buffer","data":"lz+sdKs9/RuphZKryZhTXIQKYHzqKIaZE25eMRX7/FQ="}},"4Ncfu1z1MR36na81+EcDqBFrBHJsE21Pt/AcANFYFRc=":{"valueMac":{"type":"Buffer","data":"wGazMSK6OhuuTzBXnc6/BYBYAtMRsEdy0JDMqCrSCjI="}},"IMHsQtJ9pLJtMGjY2kqkfuxFneJPq5KCmZAsacy2Fxc=":{"valueMac":{"type":"Buffer","data":"D4PCCNHStiZEZnNZw34RVF3eVXHA5F9XvbHLEDFH5ng="}},"Tkuo2LfRY7Tgw8dVt+Ag98CQVee4Au03CbGJp1Av1Ec=":{"valueMac":{"type":"Buffer","data":"6nPzZF2Cq4wRypWgJoqSfjFz9idx2YmHdPehNEvKNts="}},"AtNVWGoSZmYYBTrbE+zHSTOkjZVs/58eC8BnYmtY7fI=":{"valueMac":{"type":"Buffer","data":"RYgyNtpxVO74EiguhCe89jILnlUCka1xt1lynRK34KI="}},"uvn8u/FJG8UDbYcSHiczM0hEZx04d3d5Z9pY9ilvJ34=":{"valueMac":{"type":"Buffer","data":"EJ2VOZmG/u7biQCSK596ydBRyX3GJ/fQrZAVVtLHe6o="}},"0jhGoUmrmXNy5Bz35h7bgBMDSRCOMY360j6qzz1KbVA=":{"valueMac":{"type":"Buffer","data":"Ni91/de5uLoy/DhdyZyyTZBM1DB41SLZbHM7FdvAaxY="}},"Yr0kEBVXd/UeGJ6EElOQWBe6qpdMX8QiXJoSKLC8mGo=":{"valueMac":{"type":"Buffer","data":"VfmU/PcwFzliexQ3H8lKsr6Vzpt/2sVAG7+G0cgjuPk="}},"1+5VuONQzhUa836xT9H62WlCCL6EPn13fmbAABWj0FU=":{"valueMac":{"type":"Buffer","data":"cBSUIsYclURMDoKCjJVZ3doP+IDqPDht4UlLQ1lrqLQ="}},"p0/NGzmFmodGbgTyKVKcRVY4nfJC2mOa/U9Uy/md+aI=":{"valueMac":{"type":"Buffer","data":"FyHX5iL+g02TH/Xw4rs2FevNImSj4Zu+mo+maCX2o2o="}},"PMvqr1ZU9aOO/Z9zeJqfNXpwa6qWzPp++Y7UUW93tig=":{"valueMac":{"type":"Buffer","data":"LyK1+hLR5rr7AW6bl5ZVTuOEf1mBKH63LkBgD6qEwOE="}},"mXkITLShbs1aVyjYT/MKriKGMo+qlUMsk8R1wcsqWus=":{"valueMac":{"type":"Buffer","data":"z3a9RYa6H4DAjkRSpKEpW6L5uUGCSZayenFe0oq7+1Y="}},"q+YAmplClaEQoL5V61eDVGMwt3OUoEHeYEKe9LcgrAc=":{"valueMac":{"type":"Buffer","data":"/RVmLDIt2hX+Q4/TeVAAC7WoFCc0U+tvO/J/QqU5QUI="}},"DB8aAwZLov8hieuPPtX/Dw+v1psr/+w1iHsu5Pq/hes=":{"valueMac":{"type":"Buffer","data":"K3ZW4fj5k53W1ZHMwApHcRMKb6rRYu9eBDTeUceabp4="}},"LiJ2Rn5WJ6nz19nP6DLANgUxSKQNRYrCFT1+nYKf0qw=":{"valueMac":{"type":"Buffer","data":"eJ7be7uI0ija2L+UTyuuUC4icJnjmVgUrwGMVn42wzo="}},"/3pkXAcNuxJdwEPorLAXQQGRKtNnI4xhYPO5IfVSXGw=":{"valueMac":{"type":"Buffer","data":"BH04hHXf5r76Cr4EUBZm5N2BMHDOiuq41eM3inWd1tA="}},"oGJOLbRUn3WeXtzZT1G1ydY+aEmWWTdgtixFpyXLU4w=":{"valueMac":{"type":"Buffer","data":"sVJw/Njxn+gLpnIWjZ7r5XZtwPaz4vYQOixHSNF1OCo="}},"yZY5/DPmEvfuJ9VIVz50prZ6hlJTR8++7BehMpXkTS4=":{"valueMac":{"type":"Buffer","data":"ASUIxgKgVBarUpbdX6D4Xm/msIzEOCZy3KPoy3EBPjc="}},"h2FRDXyIIbLqwuQpbw9Ier/X2VA75B9BVt7tMQJIiwY=":{"valueMac":{"type":"Buffer","data":"ROGMgS/SrLWmHJCrNYcmF86lqb40g+ARTp86TRMS85Q="}},"xJTzCWsxW30xDwNe4SACpkby+XfV/pk5mbu68dcrrYM=":{"valueMac":{"type":"Buffer","data":"Gzv184zPzdvExQJWgqDSpt0GAxUmGqLlDLj8XngYlTA="}},"xcSwNqf0mt0xh5WLe2+AWAcDR13pEnnDbQRZXL9ZVsU=":{"valueMac":{"type":"Buffer","data":"ymdTobAnvhD2Q2pE8kO5LT4CI+iedgyIGbyxxH3DOVU="}},"Rbq+Yr58/HEyGrRbUMSVrDJX4DUpn300Sg1m0h9kan4=":{"valueMac":{"type":"Buffer","data":"HN/EtkV1h/rA534ZCGPc0Ix8D3f1vqpezmyBJRae8YU="}},"38rkbCBaXKZ8iyRvVlZo6N7976hmiQ711weH4/BcSFE=":{"valueMac":{"type":"Buffer","data":"I7lGsiMvfDxC0H+Pt1m1aV8ZaeMM8Qy0QPhh/Cj01S4="}},"eN12L+cQc/lNTRIdYiKDmssCgAmbu+N/lM00QgiCBTs=":{"valueMac":{"type":"Buffer","data":"VxLbB9Zr4PXLXqziFXVh7td2QBzGbq3IIk+znuZTTyQ="}},"imXI3WLcnbHasZ9L23yXrL++1vGVCzMA4E0yoQeVCZ8=":{"valueMac":{"type":"Buffer","data":"5PNqP0bkIv6Yihilru46NH88OiJb+MgUXCrE1RiDf9g="}},"MVo0GGxOpmxDyh4/f6sz1PZKcFmjTanQlmRPTDI3bkM=":{"valueMac":{"type":"Buffer","data":"e0A1T5CvJnF9u3InVhPoqzvMK4PNXrZqoRb3vsRYg28="}},"oxTrScBCVFYhUy+hAXEIcWpNa0eMZCkYE7XcEhgGJOw=":{"valueMac":{"type":"Buffer","data":"EfCx7Whqm5GCpaBSJvHavlrtH/X04VJbEKeTe/c/YNM="}},"crbp2XYvLxt1dMqitJDQiQITKB8tbFj9zeLOH7Un9l0=":{"valueMac":{"type":"Buffer","data":"HDq1Y3Z/HRfQUlKm/sau5GymTPA9JfoF18y7U0BR3ek="}},"rss4THS+Ev4xR9NTQTirDMvpARLGe+cwjKSZA5yYF50=":{"valueMac":{"type":"Buffer","data":"q3Oqbsm6RwYMeCwdZ/gB0aMGRl4/taC/fvcTa+DxhO0="}},"jPCjTONm05eNWecz2UoPl6wfGxTCiCMQrYuyqbyyv3Y=":{"valueMac":{"type":"Buffer","data":"WUxlK4etbbz23q3DRmTuKVqi+j/k+4iYCo6u7a+0Y5I="}},"upDme9Zdmo1/OZS+ET8zqXt4lTbYwKF4RsEO7R8y7gQ=":{"valueMac":{"type":"Buffer","data":"ixNJEWlON7MNamq+49IMDiXf2kM7HbyYSOSJJqxdW/U="}}}}