{"noiseKey":{"private":{"type":"Buffer","data":"oE5SnvWZ+S3WWD29yB4+UMGKlpfTChuECtHoSTjf0lo="},"public":{"type":"Buffer","data":"JnfzIsir9060ev9Yb1AEio6NgusDAYadCz+BUN3fqnQ="}},"signedIdentityKey":{"private":{"type":"Buffer","data":"WG4zdrjIUWPEI4AxOfTwimR2BaFyPDTmU4LNpdhVT28="},"public":{"type":"Buffer","data":"TbkJd9moQN2GNllixgPXT9pw+ZYl229CN0D9VEsofD0="}},"signedPreKey":{"keyPair":{"private":{"type":"Buffer","data":"EEQa5XoeIZI5lbqf88MoZyslh9QFGb6zI6an4cjpeG0="},"public":{"type":"Buffer","data":"HqywND9gVxXkfwo3EcJvahcLpnS+dSlqUzBa3huXxkQ="}},"signature":{"type":"Buffer","data":"8GZyf/xJsFve69l+hSpBkqpVlYhd8pWkw1IDSkf9ALNvYhSPFH6qqknOYacP28DEoFWfj1Dt+gEk6Hlt+9PXAw=="},"keyId":1},"registrationId":246,"advSecretKey":"EjZHD9xG4T8U1VNTwzDSODGdy6W2t7qW8+ZolXUA6e4=","processedHistoryMessages":[{"key":{"remoteJid":"62895621837050@s.whatsapp.net","fromMe":true,"id":"78D8818F7CA37320A4803130C2A8ACBA"},"messageTimestamp":1671596295},{"key":{"remoteJid":"62895621837050@s.whatsapp.net","fromMe":true,"id":"6B480DB64E5F909117807B5CB480031E"},"messageTimestamp":1671596295},{"key":{"remoteJid":"62895621837050@s.whatsapp.net","fromMe":true,"id":"4510962079BC5A1A6C92EF0D2C2AA715"},"messageTimestamp":1671596300}],"nextPreKeyId":61,"firstUnuploadedPreKeyId":61,"accountSettings":{"unarchiveChats":false},"account":{"details":"CPfusZUFEP6Rip0GGAE=","accountSignatureKey":"z04okskxOzWcMgQql2lCKJki5k3JIhAnJAeogzCHgHQ=","accountSignature":"6uk9ZTp7LfqBMiaXF8tZvbayMMjE3bBCgobFAoadk2mLRppd8kS3irW7bu3imFfcnhIP/J5D24TtcVIg1JkqBg==","deviceSignature":"lgljjKi7/1O9z23spmmTANSR1hmigpKA5yxd4+hrIaVfde97aoivf3K4oRmH9/gRTKkg8hmKHDl6VSHq7WmuDg=="},"me":{"id":"62895621837050:6@s.whatsapp.net","name":"y","jid":"62895621837050@s.whatsapp.net"},"signalIdentities":[{"identifier":{"name":"62895621837050:6@s.whatsapp.net","deviceId":0},"identifierKey":{"type":"Buffer","data":"Bc9OKJLJMTs1nDIEKpdpQiiZIuZNySIQJyQHqIMwh4B0"}}],"platform":"android","lastAccountSyncTimestamp":1671596390,"myAppStateKeyId":"AAAAAIEu"}