{"_sessions":{"BSEhtMTQjjEhRvpjHJMnwxRBSqRVE0si8et54k1jD9hK":{"registrationId":973697536,"currentRatchet":{"ephemeralKeyPair":{"pubKey":"BZ+dpFAgdo7CZE/sTgEQihwseR70IoYkx93FDrr2jZlf","privKey":"IJOgczEx60cIDesGu149+WL1/vi0sz9c0Q0T/WM/334="},"lastRemoteEphemeralKey":"BaIU4BsCfvIdCSPhmoHNx0bW4D6wGRDMHbkdhfYJvuVt","previousCounter":0,"rootKey":"h0qglF2pu234WD7DDGI3B85UHvlpnHNK35aDdEQ8dzw="},"indexInfo":{"baseKey":"BSEhtMTQjjEhRvpjHJMnwxRBSqRVE0si8et54k1jD9hK","baseKeyType":2,"closed":-1,"used":1671627969299,"created":1671596423167,"remoteIdentityKey":"BT4ZCUTmsonps8dEj7joToefd1KnhdFUURk98op6pS4m"},"_chains":{"BUUf9VF63nKIz57s9D0zJ0RYsr1wEOSrQMPUgUH54QoP":{"chainKey":{"counter":0},"chainType":2,"messageKeys":{}},"BZeTyk/2LjiECY9YafFFGJjVJSOKV76s3Zi0yKuIcsIE":{"chainKey":{"counter":0},"chainType":2,"messageKeys":{}},"BZjIAfiVCT0Lgo2Mgu/Y9aWUTziVrg5w8tXr5zWEdCgP":{"chainKey":{"counter":0},"chainType":2,"messageKeys":{}},"BSGdF1ZuidA5IVrJrdCNY6MrjSAhpy8L15ez1e9LOR5B":{"chainKey":{"counter":0},"chainType":2,"messageKeys":{}},"BdrmZHzB/w+Z/N2529KEyw88molOmiLkQc6mEK2WXPkz":{"chainKey":{"counter":0},"chainType":2,"messageKeys":{}},"BVsu4z/CgN0gu3qFImklCooKdpU+nrWeaLXvjH4zXk9A":{"chainKey":{"counter":0},"chainType":2,"messageKeys":{}},"BRCBPaZD1v1qj7WGk8GHxTQMvwi1mfas97g8wCrdlXRa":{"chainKey":{"counter":2},"chainType":2,"messageKeys":{}},"BS330NEjCKjzSB1SIvb93hnBp2NopOUD+H3bjJ71ogsU":{"chainKey":{"counter":0},"chainType":2,"messageKeys":{}},"BaIU4BsCfvIdCSPhmoHNx0bW4D6wGRDMHbkdhfYJvuVt":{"chainKey":{"counter":1,"key":"q/36NcnqOlIbMwilj7Xi+uEIjIRTCVN4KRDU8k93nZY="},"chainType":2,"messageKeys":{}},"BZ+dpFAgdo7CZE/sTgEQihwseR70IoYkx93FDrr2jZlf":{"chainKey":{"counter":-1,"key":"B0BqRp/65zDqe6IZnbXCfP8O7j/yEbXuHzIsNIHKUY4="},"chainType":1,"messageKeys":{}}}}},"version":"v1"}