{"_sessions":{"BeXx7cA8zgamMe8yoFxwPDJwJdwqOLDOtbwCsnrm11cH":{"registrationId":8500,"currentRatchet":{"ephemeralKeyPair":{"pubKey":"BcmClD1hMxFigk7i8VcigzbuOIQ5fHHt0t4MgMgLZIdw","privKey":"kENz5V/BE5vMXp8UzddVDyfhsGrQ3uF8XixH4koCFFE="},"lastRemoteEphemeralKey":"BQpTolp8t3TiCwuwGgxPhViYmIaOJXMstedBBclRfLcF","previousCounter":0,"rootKey":"qj7X/sFMXM7gcbWO6lSqwchs7awpm6nwRj8ywcSPUXE="},"indexInfo":{"baseKey":"BeXx7cA8zgamMe8yoFxwPDJwJdwqOLDOtbwCsnrm11cH","baseKeyType":1,"closed":-1,"used":1671602399786,"created":1671602399786,"remoteIdentityKey":"BbPIsGdNETx4cPw0crn6O9XlzbIodVOx3u+OPnTP7/pY"},"_chains":{"BcmClD1hMxFigk7i8VcigzbuOIQ5fHHt0t4MgMgLZIdw":{"chainKey":{"counter":0,"key":"WPh5x9/CkwS+2j7NhpcilnAF3Lt4jXFpKv7StHiqs+w="},"chainType":1,"messageKeys":{}}},"pendingPreKey":{"signedKeyId":1,"baseKey":"BeXx7cA8zgamMe8yoFxwPDJwJdwqOLDOtbwCsnrm11cH","preKeyId":161}}},"version":"v1"}