{"_sessions":{"BQLlYggTGbr/DjXGQluBXjbtHHLm7EYFKN8f69sHM/F8":{"registrationId":1476343194,"currentRatchet":{"ephemeralKeyPair":{"pubKey":"BclzxLNswvp4S/yEh3457z/0p9/OHdOMeX3YTbEXXuhZ","privKey":"wI5ydvDKMa8REG1Tp31UMtlUZ5HYvuofwNHc8jlGh1A="},"lastRemoteEphemeralKey":"BUPobEoKzA3hjARhoIAgnXGmaKrrlHTYF5+EidVjJ7Qa","previousCounter":0,"rootKey":"y798mQCQJfPq3qfy6kY9WZTEo24cEim4KF0WeOp4tT8="},"indexInfo":{"baseKey":"BQLlYggTGbr/DjXGQluBXjbtHHLm7EYFKN8f69sHM/F8","baseKeyType":1,"closed":-1,"used":1671602400120,"created":1671602400120,"remoteIdentityKey":"BSDIyDjIgsyXFimb7A9BOfHvtMbEkzsHBFz1KeyQv+MT"},"_chains":{"BclzxLNswvp4S/yEh3457z/0p9/OHdOMeX3YTbEXXuhZ":{"chainKey":{"counter":0,"key":"ar0qZa3vil8rNnPJDaicCq12Iy0ZZ3YzZw7hdd73I60="},"chainType":1,"messageKeys":{}}},"pendingPreKey":{"signedKeyId":5,"baseKey":"BQLlYggTGbr/DjXGQluBXjbtHHLm7EYFKN8f69sHM/F8","preKeyId":2490680}}},"version":"v1"}