{"_sessions":{"BYSueXDbqd69Y8g1zNbX/FB2Nef/huBWjH2FLkPpQv1W":{"registrationId":1186020090,"currentRatchet":{"ephemeralKeyPair":{"pubKey":"BXi2kVF3yhqzirtiE/Mg7PWKLY+Ui8kxIfEEruwn7RlN","privKey":"yDOL9qZuX2LQK8VYnSrBmJK0rGMyOkN/aIH4dxdlpXQ="},"lastRemoteEphemeralKey":"BfMssYOr6P70DYeCE9OQChYv5kRWwy/aNQXxiZWdzAI/","previousCounter":0,"rootKey":"P3lS8MD/GZ2518U2gihXehlg1VfhwjEKw+zG4zwHIy8="},"indexInfo":{"baseKey":"BYSueXDbqd69Y8g1zNbX/FB2Nef/huBWjH2FLkPpQv1W","baseKeyType":1,"closed":-1,"used":1671602400872,"created":1671602400872,"remoteIdentityKey":"BW5AgueyqDRGgeqMxUzDxU1fmR6kL9kexcm1kcAB2LF6"},"_chains":{"BXi2kVF3yhqzirtiE/Mg7PWKLY+Ui8kxIfEEruwn7RlN":{"chainKey":{"counter":0,"key":"EuWbAjCFzCBRIumyjQTT8VD/k70hYeBWDKIedJKOxfc="},"chainType":1,"messageKeys":{}}},"pendingPreKey":{"signedKeyId":0,"baseKey":"BYSueXDbqd69Y8g1zNbX/FB2Nef/huBWjH2FLkPpQv1W","preKeyId":4152550}}},"version":"v1"}