{"_sessions":{"Bcv642znxxjDamAykxTTgSdbRtBhOEPvfsLUEhNnbZYN":{"registrationId":1924472960,"currentRatchet":{"ephemeralKeyPair":{"pubKey":"BTipWWAV0/5rlI0lLsPNAvQzNxLnWHD4PJYBYuZ0Z1N1","privKey":"IAr+pP7UvLdcf6l8GjURqEPz3mwNwACgqCB9luTU7nc="},"lastRemoteEphemeralKey":"BUAhEEt69/MJGFLBoTfXLWPa2sKrYh2PjaTikeyNKAAO","previousCounter":0,"rootKey":"/HF2CXCuuzPH95gTBu5U7N8cGQpnX+RPaGHF6CpXqd4="},"indexInfo":{"baseKey":"Bcv642znxxjDamAykxTTgSdbRtBhOEPvfsLUEhNnbZYN","baseKeyType":1,"closed":-1,"used":1671602401103,"created":1671602401103,"remoteIdentityKey":"BYo6KPfIdK7yVwINUodp4VvzrZzlX+2aSWNrZa5G4iY3"},"_chains":{"BTipWWAV0/5rlI0lLsPNAvQzNxLnWHD4PJYBYuZ0Z1N1":{"chainKey":{"counter":0,"key":"qhd10bCrSxrgPpRt8+ufZ0giDlgF/jizQ/lV7cj7sZI="},"chainType":1,"messageKeys":{}}},"pendingPreKey":{"signedKeyId":18,"baseKey":"Bcv642znxxjDamAykxTTgSdbRtBhOEPvfsLUEhNnbZYN","preKeyId":16028965}}},"version":"v1"}