{"_sessions":{"BasNW1ZwVETjrkukb349fwN9Cz61YllzMjVKeuQuAtRB":{"registrationId":235140819,"currentRatchet":{"ephemeralKeyPair":{"pubKey":"BWdJaV5PZEVZk9654/8e8jqfUBlQTaZ4rfK4Z4rwhHR0","privKey":"uK3+HOqDe5sYXeYOhpF/r1e+2/Is44/H3rJk3tRDSGY="},"lastRemoteEphemeralKey":"Bb9PL+n9kMha3E4tbEF9PLfJR9pO5QrKgHXOxxLyd3xn","previousCounter":0,"rootKey":"Zw04VmUDZx2A1/8JKnbv05cWosP4WGPqRp6SdIWXXng="},"indexInfo":{"baseKey":"BasNW1ZwVETjrkukb349fwN9Cz61YllzMjVKeuQuAtRB","baseKeyType":1,"closed":-1,"used":1671602400359,"created":1671602400359,"remoteIdentityKey":"Be8WdYJbUaW8R41T1lpB6GWRpOmqyM0L08LjZfjP1kV/"},"_chains":{"BWdJaV5PZEVZk9654/8e8jqfUBlQTaZ4rfK4Z4rwhHR0":{"chainKey":{"counter":0,"key":"qYF3zdBl6nFyaTtDwQ6AdpErjes9iyr42Moet7dpls4="},"chainType":1,"messageKeys":{}}},"pendingPreKey":{"signedKeyId":2,"baseKey":"BasNW1ZwVETjrkukb349fwN9Cz61YllzMjVKeuQuAtRB","preKeyId":4286507}}},"version":"v1"}