{"_sessions":{"BZjy+BfHexgcaO2iwHR7C6iptcYtdFvWyer2sxPP/agZ":{"registrationId":2035138486,"currentRatchet":{"ephemeralKeyPair":{"pubKey":"BcLMua1FoCSTk6KI8KkOAWemN8eCHY1kjB6nU10aJZVU","privKey":"yEnknHCf8K9MqknKzT1unfCxShvZdDEKeI1e+6ir1Hs="},"lastRemoteEphemeralKey":"BRXYGISh200tpqNXdG7U2YmvuYlXjj1EvBBqqfLtPpVR","previousCounter":0,"rootKey":"ZxlClWHKtr0QdgbswAVzizdn1dj7M8UTB9zG6gODDb8="},"indexInfo":{"baseKey":"BZjy+BfHexgcaO2iwHR7C6iptcYtdFvWyer2sxPP/agZ","baseKeyType":1,"closed":-1,"used":1671602400809,"created":1671602400809,"remoteIdentityKey":"BeroftfWpRWpcOGgz8/S7iH1kMYw+UsAP8a74YfUGudb"},"_chains":{"BcLMua1FoCSTk6KI8KkOAWemN8eCHY1kjB6nU10aJZVU":{"chainKey":{"counter":0,"key":"mHBUSJXDv4LKnNFQiVG6QuA0KeNtOs4OJOuGS11RxuY="},"chainType":1,"messageKeys":{}}},"pendingPreKey":{"signedKeyId":3,"baseKey":"BZjy+BfHexgcaO2iwHR7C6iptcYtdFvWyer2sxPP/agZ","preKeyId":6506755}}},"version":"v1"}