{"_sessions":{"BfqHxvcmqwykgmPA4TXGv/YZbnLhsBYgusznnsC/0bkd":{"registrationId":373842986,"currentRatchet":{"ephemeralKeyPair":{"pubKey":"BXivi4SkYb1lAgQ6WM1zbpsK36pR/5FPpqVclZWWiW4p","privKey":"uO18aQgra0UwjXJNqZnyXxMt8kh+i5tZsdmE9soTGnM="},"lastRemoteEphemeralKey":"Bfpnbc4b5eqCUMZD/+cyxi6Vv/Syturah5k+tUDQDoRm","previousCounter":0,"rootKey":"6EvWioPfNV+48LoWxGvnC1VDwnP3ecQuCbdLAHuNMPs="},"indexInfo":{"baseKey":"BfqHxvcmqwykgmPA4TXGv/YZbnLhsBYgusznnsC/0bkd","baseKeyType":1,"closed":-1,"used":1671602400582,"created":1671602400582,"remoteIdentityKey":"BU/cMPHuSRQEVlERgmjswib8+4B+F41fzwGc08GUiHos"},"_chains":{"BXivi4SkYb1lAgQ6WM1zbpsK36pR/5FPpqVclZWWiW4p":{"chainKey":{"counter":0,"key":"ptFvUIbtE/ScQOCzrzFupy5/Cj0JHOfV6omP3HbaMas="},"chainType":1,"messageKeys":{}}},"pendingPreKey":{"signedKeyId":0,"baseKey":"BfqHxvcmqwykgmPA4TXGv/YZbnLhsBYgusznnsC/0bkd","preKeyId":6649584}}},"version":"v1"}