{"_sessions":{"BUkl/Q1wPpFqfIQ+2WU+jC02GZuns3IFfBQ0r6NIRfkq":{"registrationId":1334773010,"currentRatchet":{"ephemeralKeyPair":{"pubKey":"BUOgEg0yraa76AGEAqB7SCfumVI+LkKnffjiiwQCISMK","privKey":"AFvtxc2g1llrtQSq9Bim/ZnrMRFlJ+JYW1O0i0iyf2Q="},"lastRemoteEphemeralKey":"BbXsvWg/+6VjqY2YuIuBOahzqedg97hfOx0F0D2xQ68q","previousCounter":0,"rootKey":"sM+B+X4QlZy3Rn2RA69QqbWtNp9mucvmTfZU0isJ2uY="},"indexInfo":{"baseKey":"BUkl/Q1wPpFqfIQ+2WU+jC02GZuns3IFfBQ0r6NIRfkq","baseKeyType":1,"closed":-1,"used":1671602400151,"created":1671602400151,"remoteIdentityKey":"BZKwJKD0sG2OyDTIghySZzshKGvIshzPvjDGY4lm8643"},"_chains":{"BUOgEg0yraa76AGEAqB7SCfumVI+LkKnffjiiwQCISMK":{"chainKey":{"counter":0,"key":"DL6t9s2gBC25kKbIMDh0LbGmz6ozb1ah5RJs88Y4UB4="},"chainType":1,"messageKeys":{}}},"pendingPreKey":{"signedKeyId":0,"baseKey":"BUkl/Q1wPpFqfIQ+2WU+jC02GZuns3IFfBQ0r6NIRfkq","preKeyId":14206474}}},"version":"v1"}