{"_sessions":{"BZYP55WRXZlAOMEy175nZ0xdemStqZn612AnzWML5OgK":{"registrationId":769568408,"currentRatchet":{"ephemeralKeyPair":{"pubKey":"BXKL9GnTIlzpnuInPxiGMAUpnk/FyUh+aCtqUD1cfwwi","privKey":"OHtAfQXRxJE/RHqUKDAPbG0b6dNp+BxjJxyW99PYSGk="},"lastRemoteEphemeralKey":"BQkIyYNv2hIB63RBZxN9ZL5cPZKpo5muyPU7xMH+13hd","previousCounter":0,"rootKey":"p7AMFbUB1ESP8D+onZfxAIXyXt7Qj+vgicJcCdpdKWU="},"indexInfo":{"baseKey":"BZYP55WRXZlAOMEy175nZ0xdemStqZn612AnzWML5OgK","baseKeyType":1,"closed":-1,"used":1671602400017,"created":1671602400017,"remoteIdentityKey":"BRxy8Id8mwLfcyDBFgf183Ye84Kvg1rJXsKSqGKGKc4w"},"_chains":{"BXKL9GnTIlzpnuInPxiGMAUpnk/FyUh+aCtqUD1cfwwi":{"chainKey":{"counter":0,"key":"V5MMRQCn0VEkm61RXIfJ0hJvnvOaUODLN++gQFV4/Zk="},"chainType":1,"messageKeys":{}}},"pendingPreKey":{"signedKeyId":6,"baseKey":"BZYP55WRXZlAOMEy175nZ0xdemStqZn612AnzWML5OgK","preKeyId":12742174}}},"version":"v1"}