{"_sessions":{"BSsit4Gayne7aOuveJoglbumWOOXfi0vIOVmVRuSz8Z9":{"registrationId":2074165453,"currentRatchet":{"ephemeralKeyPair":{"pubKey":"BQ926ykfo8z+Dex6BLPwppc2HxubHuPw8LJHmpIMphkG","privKey":"WNKPgpdPaoKZ38fO12nunNQJAPwj0fjGDF+IVRkdE1Y="},"lastRemoteEphemeralKey":"BRK482wuOqnj5ABYiGhXkMP7Wb9BjuCFUnZx+Mng3Bgk","previousCounter":0,"rootKey":"MsHfJqIS1UVYY5Lb39bQ0mxUOk3fBZKWHdZyXsWUtXE="},"indexInfo":{"baseKey":"BSsit4Gayne7aOuveJoglbumWOOXfi0vIOVmVRuSz8Z9","baseKeyType":1,"closed":-1,"used":1671602399903,"created":1671602399903,"remoteIdentityKey":"BYOkGnunXYwQWyKcjEyf6eY5YGdR/ni/9nrEeAT1lmhL"},"_chains":{"BQ926ykfo8z+Dex6BLPwppc2HxubHuPw8LJHmpIMphkG":{"chainKey":{"counter":0,"key":"atV34nfI9OUyVQZir0OvIgA2W6EZMBQMQyHsKlQHuc8="},"chainType":1,"messageKeys":{}}},"pendingPreKey":{"signedKeyId":15,"baseKey":"BSsit4Gayne7aOuveJoglbumWOOXfi0vIOVmVRuSz8Z9","preKeyId":7066729}}},"version":"v1"}