{"_sessions":{"BVEkyOD2rXMP5hsEJUIu1Kni365BK3y6+uDJpbVW5Qlq":{"registrationId":274154711,"currentRatchet":{"ephemeralKeyPair":{"pubKey":"BdFzXuhF1eTTW61dHmIfgGbf+YqHzcYpLeqDggXYId9O","privKey":"wMbvCxuStqh13awOQKZW99AT5gvgj7vtmLv+6v1y2WE="},"lastRemoteEphemeralKey":"BV8gk1Plfnx3FBygQGEYJUeeaUSa8Bb/GuXnRPwzqTJY","previousCounter":0,"rootKey":"4gG1K3ynSINYmFNWy3k2HCiAXkAFgDBt8tSVXtZ/x6U="},"indexInfo":{"baseKey":"BVEkyOD2rXMP5hsEJUIu1Kni365BK3y6+uDJpbVW5Qlq","baseKeyType":1,"closed":-1,"used":1671627607142,"created":1671602400435,"remoteIdentityKey":"BbQXvmQM61fOD/AqVM0tkWVwkdfzNzTPq/xss+OSMglG"},"_chains":{"BV8gk1Plfnx3FBygQGEYJUeeaUSa8Bb/GuXnRPwzqTJY":{"chainKey":{"counter":0,"key":"nHQTL7MYFt5ebtQTPzyGI2V66tSZoTDbuTYjXptKNoE="},"chainType":2,"messageKeys":{}},"BdFzXuhF1eTTW61dHmIfgGbf+YqHzcYpLeqDggXYId9O":{"chainKey":{"counter":-1,"key":"gWrvL1lPr3ge1ikoGa5OkkLOAdzBrssZ7i5gUHXQjfo="},"chainType":1,"messageKeys":{}}}}},"version":"v1"}