{"_sessions":{"BTOvW0iyflBRPU4k7RqR0qAFT+VQN8vl1INCu/sPVj90":{"registrationId":1753255206,"currentRatchet":{"ephemeralKeyPair":{"pubKey":"BSjCxYSyYXnLB1UfWFnIwg4Zg3OJ49b2PmwUEQ0+kWZJ","privKey":"UHsLbGwNjOKY6sulcvu9r7eZyhmQSIkETzl2wCkdJE8="},"lastRemoteEphemeralKey":"BVSeApuvg4O3T+JDxvOx9XbNjx5dyJS3wzk+P3yx/R0I","previousCounter":0,"rootKey":"VqlYu4EOU/IP3t5IBjQZLSE6rP9yZnZh/6KbtoPgHlM="},"indexInfo":{"baseKey":"BTOvW0iyflBRPU4k7RqR0qAFT+VQN8vl1INCu/sPVj90","baseKeyType":1,"closed":-1,"used":1671602400398,"created":1671602400398,"remoteIdentityKey":"Bcifswrr+QwbBeESye9vlOsZzSGOyBtqS5Bw0huZielq"},"_chains":{"BSjCxYSyYXnLB1UfWFnIwg4Zg3OJ49b2PmwUEQ0+kWZJ":{"chainKey":{"counter":0,"key":"sZNjWNSsOV+LD4sUWkaMrGvrIT0I8R6F2WOKc1aLTlc="},"chainType":1,"messageKeys":{}}},"pendingPreKey":{"signedKeyId":16,"baseKey":"BTOvW0iyflBRPU4k7RqR0qAFT+VQN8vl1INCu/sPVj90","preKeyId":1075550}}},"version":"v1"}