{"_sessions":{"BYHhyOEfPme7MiKKJNmv48jpH2DQkqa1MLNz5chklq0z":{"registrationId":1889263733,"currentRatchet":{"ephemeralKeyPair":{"pubKey":"BVoaq9Sucfba1KWJup5cj7UhYu39hcH5I8WibsePTyJm","privKey":"IHWMpm2+c+BGeaIypSa9lPFBzO6O8cAiI3yvFV6YZXQ="},"lastRemoteEphemeralKey":"BVzPBTS2B6dRF6Xj9nfdMbMoj/2tSXkyFSX4cC2jXIha","previousCounter":0,"rootKey":"o50XDptiWzS8I5JHYA09X8/+f6KgJGZEnmlGLqyHsf4="},"indexInfo":{"baseKey":"BYHhyOEfPme7MiKKJNmv48jpH2DQkqa1MLNz5chklq0z","baseKeyType":1,"closed":-1,"used":1671602400715,"created":1671602400715,"remoteIdentityKey":"BVoNC/ZVkEI23aRYne7XvNQ+qhtmX50gdNvICCdtwhoE"},"_chains":{"BVoaq9Sucfba1KWJup5cj7UhYu39hcH5I8WibsePTyJm":{"chainKey":{"counter":0,"key":"+8qyq8Kj5NcYp1cFiLV1HABbYA7P3mLf5XOZJvXm7W4="},"chainType":1,"messageKeys":{}}},"pendingPreKey":{"signedKeyId":0,"baseKey":"BYHhyOEfPme7MiKKJNmv48jpH2DQkqa1MLNz5chklq0z","preKeyId":12536530}}},"version":"v1"}