{"_sessions":{"BbIzZ2c9L8QzaN8vHf8sAdULzaoFFpTHuFOz5uv7gyJf":{"registrationId":1925210717,"currentRatchet":{"ephemeralKeyPair":{"pubKey":"BYC/xBKsxj6KqbCtNVRo5IJklkDUBu6tptTOz6uRNV9G","privKey":"uA2JuyMgZf8JVtk88QTlxSl4V3M5ulqPl4LZXJhSHHk="},"lastRemoteEphemeralKey":"BZ/q0pIEAvstofGkpvrCf8k947xYbd1dxORUQ4/7c94y","previousCounter":0,"rootKey":"4vhgIixmB2JH4V/rXTpVwSoA06UwMuKPwcgLzcihueo="},"indexInfo":{"baseKey":"BbIzZ2c9L8QzaN8vHf8sAdULzaoFFpTHuFOz5uv7gyJf","baseKeyType":1,"closed":-1,"used":1671602400938,"created":1671602400938,"remoteIdentityKey":"BcBQXM7CMLWrfe/AyzxSLnv4RUtZaW+gacv9wAdK3R0I"},"_chains":{"BYC/xBKsxj6KqbCtNVRo5IJklkDUBu6tptTOz6uRNV9G":{"chainKey":{"counter":0,"key":"cYYqF/PzEyzqpahfJpaPl36f2Ie9bT+NGUlS9ONd5KI="},"chainType":1,"messageKeys":{}}},"pendingPreKey":{"signedKeyId":11,"baseKey":"BbIzZ2c9L8QzaN8vHf8sAdULzaoFFpTHuFOz5uv7gyJf","preKeyId":6898704}}},"version":"v1"}