{"_sessions":{"Bao37p29GnDeLHrQEfpSWP2cfA2dhzZysPpenci6mH47":{"registrationId":1261727581,"currentRatchet":{"ephemeralKeyPair":{"pubKey":"BRTqm2GpwZpMBwGQdkd/z1hZDaDxrjchHaRYlcu/G898","privKey":"KG3BBWAb7Fbrx3Rs3su2UtxyY5iF4VzJ2TA9tbM5G3c="},"lastRemoteEphemeralKey":"BVZ5/+J9jgCpGIWVolGeWbpC2iTN5VjoDUIdy1lnVQwj","previousCounter":0,"rootKey":"SsaGcGltihkNwCrf33qSMVT3fnbXW/18qgLtcC627OQ="},"indexInfo":{"baseKey":"Bao37p29GnDeLHrQEfpSWP2cfA2dhzZysPpenci6mH47","baseKeyType":1,"closed":-1,"used":1671602400651,"created":1671602400651,"remoteIdentityKey":"BRk15YGKr5K5K/42EJ7Rt0husLCL6uWB/bVlOJFipBBn"},"_chains":{"BRTqm2GpwZpMBwGQdkd/z1hZDaDxrjchHaRYlcu/G898":{"chainKey":{"counter":0,"key":"PXqfK/2dev7PNMhapXVjemA9V8DSfz7bu45f4GxVXS4="},"chainType":1,"messageKeys":{}}},"pendingPreKey":{"signedKeyId":3,"baseKey":"Bao37p29GnDeLHrQEfpSWP2cfA2dhzZysPpenci6mH47","preKeyId":7688736}}},"version":"v1"}