{"_sessions":{"BfTZrPjOaHDTKd/wuS0nkSr6LwSsjftioSpDJJ+e1zt7":{"registrationId":985011485,"currentRatchet":{"ephemeralKeyPair":{"pubKey":"BXVllSExsb6j5lZT93dg92DuXaok7DNZ9aJSnXwSzNtV","privKey":"gMhLxumWeNlM5ixWIL2iGou4dtpvFASlkBRkB00u/08="},"lastRemoteEphemeralKey":"Be9XPAZPkBIMOQeij3Zt+OgGuFfSMZTN9nB2/0qGMQdk","previousCounter":0,"rootKey":"KzEd31oDweTwjcOeWF5B+3yrgGHt/tz/NjGu8N8o9pw="},"indexInfo":{"baseKey":"BfTZrPjOaHDTKd/wuS0nkSr6LwSsjftioSpDJJ+e1zt7","baseKeyType":1,"closed":-1,"used":1671602400683,"created":1671602400683,"remoteIdentityKey":"Baiw0NEOzTi2/+UHbB0FcixwekkTA6sZmsOFPPI+cr4H"},"_chains":{"BXVllSExsb6j5lZT93dg92DuXaok7DNZ9aJSnXwSzNtV":{"chainKey":{"counter":0,"key":"i7gkFUxnd9piovwiS/3Hr2s8y5cR4GXNI10Mba3Tf7E="},"chainType":1,"messageKeys":{}}},"pendingPreKey":{"signedKeyId":3,"baseKey":"BfTZrPjOaHDTKd/wuS0nkSr6LwSsjftioSpDJJ+e1zt7","preKeyId":4837071}}},"version":"v1"}