{"_sessions":{"BQhWhoeKqe8OL2ULZqmdJq9ESRVu0AESInq1HmZN7pRU":{"registrationId":1136549485,"currentRatchet":{"ephemeralKeyPair":{"pubKey":"BcIjvMcnfOFYcOj9kV1e58tj1KqSMpjHHy8U2td25pNo","privKey":"uGPRwTbIAcQxKxIaPtS93GR/CdIYPJFEnmYzfq6ht2E="},"lastRemoteEphemeralKey":"BVoW7nfJau4XTEgbqLWunw/Nw5ge53eO4C5xyLvz4mFM","previousCounter":0,"rootKey":"mnVyO3afQ71Rx1jLzf7M8DxGSD2o2bxv56JHvFgA9U4="},"indexInfo":{"baseKey":"BQhWhoeKqe8OL2ULZqmdJq9ESRVu0AESInq1HmZN7pRU","baseKeyType":1,"closed":-1,"used":1671602399859,"created":1671602399859,"remoteIdentityKey":"BbvZ0RtFWxmlKNatB/WuueHK9UXt+IhgkMkX7kedDK9v"},"_chains":{"BcIjvMcnfOFYcOj9kV1e58tj1KqSMpjHHy8U2td25pNo":{"chainKey":{"counter":0,"key":"jcmLqlqWyUHkRWEkEdKX+xtnex3i5Vwg3LShAtYQK/E="},"chainType":1,"messageKeys":{}}},"pendingPreKey":{"signedKeyId":1,"baseKey":"BQhWhoeKqe8OL2ULZqmdJq9ESRVu0AESInq1HmZN7pRU","preKeyId":15041349}}},"version":"v1"}