{"_sessions":{"BQtfCyoeGSTbpOIbPp0DEkcwQXb34AWKDxhuFBCdW9JQ":{"registrationId":469198416,"currentRatchet":{"ephemeralKeyPair":{"pubKey":"BZmzzabjmFQr22Hoodoi4V1fKPAwupKcPMRhKBKmY4Ii","privKey":"AMtvHSnSX12BhduqLUgA94Xp9uQBXjNAXRak1snIy3k="},"lastRemoteEphemeralKey":"BSYJhcjp8kcz5KDNX6VWgITdpgNX9eY4UfoqcSbFDuc5","previousCounter":0,"rootKey":"x1LY3dfCv6V+Bs5uSbOeThs05FnzTaUtHnLL6XTta+Q="},"indexInfo":{"baseKey":"BQtfCyoeGSTbpOIbPp0DEkcwQXb34AWKDxhuFBCdW9JQ","baseKeyType":1,"closed":-1,"used":1671602401072,"created":1671602401072,"remoteIdentityKey":"BVm1m+Nnobl/qYUnq/f08PVvNHyW2vhlVBVereLft84F"},"_chains":{"BZmzzabjmFQr22Hoodoi4V1fKPAwupKcPMRhKBKmY4Ii":{"chainKey":{"counter":0,"key":"qGzV7Ky3o8p5e7apQbPRMVpMXbxCSTpXRdhpcrb+ENE="},"chainType":1,"messageKeys":{}}},"pendingPreKey":{"signedKeyId":5,"baseKey":"BQtfCyoeGSTbpOIbPp0DEkcwQXb34AWKDxhuFBCdW9JQ","preKeyId":6993602}}},"version":"v1"}