{"_sessions":{"BXyw0/Fwo9TwRpIYGkpSRvjadjMAcXUgIlxg5XS2N4o5":{"registrationId":1460697060,"currentRatchet":{"ephemeralKeyPair":{"pubKey":"BQosyK+u4M64lUHPiUsRRTMoK0Naog+sP9PN2OBPdYYC","privKey":"WBkaKaKJMveOk5wxxU1LW26lTllBQCzX5AhkwU4ElE0="},"lastRemoteEphemeralKey":"Bf8DGYta7W72OFdeO8O3I0K/nWkfJUy/LF9wbxJIAZpD","previousCounter":0,"rootKey":"gxKYe/lUJrhmD7LFGTD4XGWAizZS/Cmyt4/4Td9zlgQ="},"indexInfo":{"baseKey":"BXyw0/Fwo9TwRpIYGkpSRvjadjMAcXUgIlxg5XS2N4o5","baseKeyType":1,"closed":-1,"used":1671602400473,"created":1671602400473,"remoteIdentityKey":"BSuIPsclR6Sl8kFLTY/lc2ie7J6m2t7lqJBO6sv8tXJn"},"_chains":{"BQosyK+u4M64lUHPiUsRRTMoK0Naog+sP9PN2OBPdYYC":{"chainKey":{"counter":0,"key":"Bi9PdzaXQH8GN7ErhMHslkDEF0/kA2E0BfMGNtunfAc="},"chainType":1,"messageKeys":{}}},"pendingPreKey":{"signedKeyId":9,"baseKey":"BXyw0/Fwo9TwRpIYGkpSRvjadjMAcXUgIlxg5XS2N4o5","preKeyId":8108789}}},"version":"v1"}