{"_sessions":{"BTnVfLqtWP217QTRfI/gbIN3LGvR5kv0QJwdCVK66fdk":{"registrationId":2003811466,"currentRatchet":{"ephemeralKeyPair":{"pubKey":"BULFFBw4AKJsh37QtwRaJZ4qkZmvIQGwUi/wArxR47Un","privKey":"MGg4cHbYMNF5xfcBmRdsoUzxcgOVI0RC1xkBm6uyg3Y="},"lastRemoteEphemeralKey":"Bfmye++gBqtgdD+s5HVLRhO6bg6/43//g8RWStJ5WnNS","previousCounter":0,"rootKey":"OWLt5ovlRN++6p6l3DI9Y/m09NBB+p7gdOS0YfssVRA="},"indexInfo":{"baseKey":"BTnVfLqtWP217QTRfI/gbIN3LGvR5kv0QJwdCVK66fdk","baseKeyType":1,"closed":-1,"used":1671602400282,"created":1671602400282,"remoteIdentityKey":"BYEiyKe/ZpSEXz+HVxmz45/zYHABROVH4ycekN6JiqkK"},"_chains":{"BULFFBw4AKJsh37QtwRaJZ4qkZmvIQGwUi/wArxR47Un":{"chainKey":{"counter":0,"key":"miicWbuhPQiKSPxapcju21y8WtfKzKvqYV/ms6mb9kc="},"chainType":1,"messageKeys":{}}},"pendingPreKey":{"signedKeyId":55,"baseKey":"BTnVfLqtWP217QTRfI/gbIN3LGvR5kv0QJwdCVK66fdk","preKeyId":4211134}}},"version":"v1"}