{"_sessions":{"Bd6Um+kVULgphjomIK09xxh0bDIaqLaIHSEzJJoz9j0b":{"registrationId":973592461,"currentRatchet":{"ephemeralKeyPair":{"pubKey":"Bay1diQ3pu5NEtbUpMp9cPuey1FJzzlyAiVYT7doTLtH","privKey":"qNf00sa3zcF0gCNhVlByzr9KGFVATflg/5jP9ugAXGI="},"lastRemoteEphemeralKey":"BdxU15r6wKtKJ6GqavQdaXAqybN+XkvHKU74GHHK/Stv","previousCounter":0,"rootKey":"pvvarPKCb7BeF6LW+AuwQnd1o5kbgKj9BKgoVyL5QwE="},"indexInfo":{"baseKey":"Bd6Um+kVULgphjomIK09xxh0bDIaqLaIHSEzJJoz9j0b","baseKeyType":1,"closed":-1,"used":1671602400181,"created":1671602400181,"remoteIdentityKey":"BSQ0NopeauUSpYkWEbO/SdUeSA0O2xkZqp6QRHaSxyAx"},"_chains":{"Bay1diQ3pu5NEtbUpMp9cPuey1FJzzlyAiVYT7doTLtH":{"chainKey":{"counter":0,"key":"/Dmoa2UmWn6d9uIifCjQz5SxZQ+AP61cepNA98ZQoJo="},"chainType":1,"messageKeys":{}}},"pendingPreKey":{"signedKeyId":0,"baseKey":"Bd6Um+kVULgphjomIK09xxh0bDIaqLaIHSEzJJoz9j0b","preKeyId":14708446}}},"version":"v1"}