{"_sessions":{"BUL/xdM4U2TZklWdhg0LLXT/zdI5Ih9+3yBhPZU1gwQf":{"registrationId":1212288823,"currentRatchet":{"ephemeralKeyPair":{"pubKey":"BXjC6CgNrkn235G38l5iA/GQ3ke6m0gTp73F7DwmT9gf","privKey":"mKgf6nPyCg0XIFBO+5WFUumzF7SFZCC7AOl+UzH8mE0="},"lastRemoteEphemeralKey":"BbcZWoMZDnf4jVzVLUY3FFMp3CW1h+Nf3GJoCyU/u5IS","previousCounter":0,"rootKey":"bIXAvqZUmyPrFUnHna3UvrRb9/cZhjmlzh7/tpn0LHc="},"indexInfo":{"baseKey":"BUL/xdM4U2TZklWdhg0LLXT/zdI5Ih9+3yBhPZU1gwQf","baseKeyType":1,"closed":-1,"used":1671602400244,"created":1671602400244,"remoteIdentityKey":"BZNTyjU1QYn1JyuVM/Z3kmaMrBlUW584n4FvrszZhxxa"},"_chains":{"BXjC6CgNrkn235G38l5iA/GQ3ke6m0gTp73F7DwmT9gf":{"chainKey":{"counter":0,"key":"wUuGkoLKT7KrdJ8xHxUFmPBFjXAbnIdRtR9H4vkeGYM="},"chainType":1,"messageKeys":{}}},"pendingPreKey":{"signedKeyId":0,"baseKey":"BUL/xdM4U2TZklWdhg0LLXT/zdI5Ih9+3yBhPZU1gwQf","preKeyId":11326764}}},"version":"v1"}