{"_sessions":{"BdJDtcV6QnT5vIivv7ldJ0HEA/9dxayuxq2FKnIhRIFc":{"registrationId":739944962,"currentRatchet":{"ephemeralKeyPair":{"pubKey":"BZfUADVu1u8hCYv3zv8lJTAmkEE7KudyH+TBS9RhRBY3","privKey":"OOmIE4T0ymE3NB3AYXurDKkrye6H48NNzENIY9HrFGE="},"lastRemoteEphemeralKey":"BTHSCMZKPsR5dNiIrD3Rp+nk5N5kCwiKHGO+hF30Dgdr","previousCounter":0,"rootKey":"RxW+qNd6lDLKnn3Z3GhE6NNDL/Wt3uF3h1588U7X7eo="},"indexInfo":{"baseKey":"BdJDtcV6QnT5vIivv7ldJ0HEA/9dxayuxq2FKnIhRIFc","baseKeyType":1,"closed":-1,"used":1671602400617,"created":1671602400617,"remoteIdentityKey":"BcqBLoAua1HzYL6yT9WdTiFfO+YMkp0P3FaNV5b3jTBW"},"_chains":{"BZfUADVu1u8hCYv3zv8lJTAmkEE7KudyH+TBS9RhRBY3":{"chainKey":{"counter":0,"key":"2rjh1DQJdwcQmzTl8f8MUgA2N0pg7y8F3knvjy7lqIs="},"chainType":1,"messageKeys":{}}},"pendingPreKey":{"signedKeyId":2,"baseKey":"BdJDtcV6QnT5vIivv7ldJ0HEA/9dxayuxq2FKnIhRIFc","preKeyId":16138745}}},"version":"v1"}