{"_sessions":{"BTKOCgxZoXkff7PfJ/VPGCKpg1mQsCP/4C0XFdHA2Z03":{"registrationId":2023411137,"currentRatchet":{"ephemeralKeyPair":{"pubKey":"BRwSK2og2ARBeNrLlHzKKbf8kD9412YumkICXOPBjUY+","privKey":"COrb/6Ou/wAoBT28Zr25OEdcfoHSROj5+bCZSeytpUA="},"lastRemoteEphemeralKey":"BdKAug+/cLRYd8dmmo6WXm+dLnrW71tXHL0T8OuzqR1s","previousCounter":11,"rootKey":"NvM2nGhBYsjNjlO0Zg+vwdbnn51zh06aioKXijEIo2w="},"indexInfo":{"baseKey":"BTKOCgxZoXkff7PfJ/VPGCKpg1mQsCP/4C0XFdHA2Z03","baseKeyType":2,"closed":-1,"used":1671627607174,"created":1671596293074,"remoteIdentityKey":"Bc9OKJLJMTs1nDIEKpdpQiiZIuZNySIQJyQHqIMwh4B0"},"_chains":{"BUq7NYYGhp2Kt2j3ElC9O9COoS89ALO3ukcinnb7QKtp":{"chainKey":{"counter":5},"chainType":2,"messageKeys":{}},"BcyXUztDkDi30HV7V5HGOrlf5B79EIhaiPjiUs09y3R+":{"chainKey":{"counter":2},"chainType":2,"messageKeys":{}},"BcfxGo1XQ3tvHCU2pjhE+GcexPuwOyCs0IeZGjOSv/Y9":{"chainKey":{"counter":0},"chainType":2,"messageKeys":{}},"BdKAug+/cLRYd8dmmo6WXm+dLnrW71tXHL0T8OuzqR1s":{"chainKey":{"counter":1,"key":"Rghp+r502j8fg5rGy3UjtMbGHM2lYiqhiBocWBmq1kM="},"chainType":2,"messageKeys":{}},"BRwSK2og2ARBeNrLlHzKKbf8kD9412YumkICXOPBjUY+":{"chainKey":{"counter":1,"key":"uf9kvrouCZoFcoijw+8o3y2Y1oFoZ3ghR0HV7krTC8U="},"chainType":1,"messageKeys":{}}}}},"version":"v1"}