{"_sessions":{"BV7Zz1Zz5k6ELa9Rsuhln+1jIqULdpCOiMip5eZrb2Up":{"registrationId":9667,"currentRatchet":{"ephemeralKeyPair":{"pubKey":"BZ1WUbX8COV/RzAIgPvhlC+xMZ8pw9Rk8mFKtJzXq8Ii","privKey":"2Mo1b+CM0vKh1eWY/aF7ZWh9bsIFEVNeJMC71G51xFw="},"lastRemoteEphemeralKey":"BTAyegFm9kscHn8KvC4CMBrha9cjWG1AwjP6VJbEtuwD","previousCounter":0,"rootKey":"+NmUrIwYh8yyOlIqOE4FxScNw6KAGC9smLFMCEGD4R8="},"indexInfo":{"baseKey":"BV7Zz1Zz5k6ELa9Rsuhln+1jIqULdpCOiMip5eZrb2Up","baseKeyType":1,"closed":-1,"used":1671602399744,"created":1671602399744,"remoteIdentityKey":"BR32rI3WdZoYvenVTHDj5G52BbFKKHTnBh4An95KySFE"},"_chains":{"BZ1WUbX8COV/RzAIgPvhlC+xMZ8pw9Rk8mFKtJzXq8Ii":{"chainKey":{"counter":0,"key":"F+HQrLvxj2MQKnvtn2IdZDDI8J5j4W24NHUk3puU0us="},"chainType":1,"messageKeys":{}}},"pendingPreKey":{"signedKeyId":1,"baseKey":"BV7Zz1Zz5k6ELa9Rsuhln+1jIqULdpCOiMip5eZrb2Up"}}},"version":"v1"}