{"_sessions":{"BWsMxNn2m+qCioOPt8pMtUhcsieGk6/d16eFyryqhmA2":{"registrationId":1353529509,"currentRatchet":{"ephemeralKeyPair":{"pubKey":"BWggtTLwScRq7+UryJ58TTvQhKY3+mpEDl6+Hukd2DIl","privKey":"6Kh83yxjCnPzDu0pi+SIPrsKudTb2NVPEMNdFon0J14="},"lastRemoteEphemeralKey":"BQ2sXLI0+ySNidA6ia6U8NQswgW6jMhKyi5S+z/kUIs2","previousCounter":0,"rootKey":"9V5v2uqc1n8Z0iXkNUFBQ3w4mEKWS7F0tuKdpIk8GUA="},"indexInfo":{"baseKey":"BWsMxNn2m+qCioOPt8pMtUhcsieGk6/d16eFyryqhmA2","baseKeyType":1,"closed":-1,"used":1671602400052,"created":1671602400052,"remoteIdentityKey":"BQxzhlzP1l5ymjg1VuZCsfAaV82PELdGb9G8In0GgPEb"},"_chains":{"BWggtTLwScRq7+UryJ58TTvQhKY3+mpEDl6+Hukd2DIl":{"chainKey":{"counter":0,"key":"937nQMsyN0+A9mm6VitGNsMfLkWGQtnCMNrRdc6ikLU="},"chainType":1,"messageKeys":{}}},"pendingPreKey":{"signedKeyId":6,"baseKey":"BWsMxNn2m+qCioOPt8pMtUhcsieGk6/d16eFyryqhmA2","preKeyId":2395452}}},"version":"v1"}