{"_sessions":{"BXLwD+cqeseRIaC/ZlWyY04TJCXaCfBk5vbPXif5T38C":{"registrationId":898570980,"currentRatchet":{"ephemeralKeyPair":{"pubKey":"BVlFfKryDmhq6D+CgU6NLqMPNwdrNlEkZ5MZgmRylMED","privKey":"6Iop6LTeDM5mTei9P5J/SQoxlw0KwwfGLd/M5+45Jk0="},"lastRemoteEphemeralKey":"BQy01/3b7jiNlCCYiqODTge1RZq84ccAgRgqkvq8I3la","previousCounter":0,"rootKey":"DLD3zSI1pwNvH17pZAyn0KaS8kWzt5jU3iRfiwWIi7k="},"indexInfo":{"baseKey":"BXLwD+cqeseRIaC/ZlWyY04TJCXaCfBk5vbPXif5T38C","baseKeyType":1,"closed":-1,"used":1671602401038,"created":1671602401038,"remoteIdentityKey":"BYFILEcLa+ap4zh/iDCkCA3mCKCXQdAmT5A4r2Q+jD4+"},"_chains":{"BVlFfKryDmhq6D+CgU6NLqMPNwdrNlEkZ5MZgmRylMED":{"chainKey":{"counter":0,"key":"WXUVNVBbod99PAbKv3DxXyK5eFKpaXl85YLKo6/n5yg="},"chainType":1,"messageKeys":{}}},"pendingPreKey":{"signedKeyId":2,"baseKey":"BXLwD+cqeseRIaC/ZlWyY04TJCXaCfBk5vbPXif5T38C","preKeyId":10336773}}},"version":"v1"}