{"_sessions":{"Bav8WGgtvxvIlmAGQwTe5pBoutPzj+Av+IA0p/aBOQUT":{"registrationId":384939227,"currentRatchet":{"ephemeralKeyPair":{"pubKey":"BZd9ji3fmWASrO318v2cgbSkXFnaNW+G411f1y6/hhpe","privKey":"aMeHbcIrzFoQ1bXuy4SnFWN/9S/sH5+mP5dACLtaeUU="},"lastRemoteEphemeralKey":"BfiNmMl+q42Nr+6SFcGaxLMcBm5WqKVv9aSxivC46rB0","previousCounter":0,"rootKey":"QiGRh/uQfTNTdYQNjLGV4VicqL8Gt2caI/wDHYNoqR0="},"indexInfo":{"baseKey":"Bav8WGgtvxvIlmAGQwTe5pBoutPzj+Av+IA0p/aBOQUT","baseKeyType":1,"closed":-1,"used":1671602400903,"created":1671602400903,"remoteIdentityKey":"Bfqf4FhC6Snalkc0Zl0/PvjKsukWO7N4PChnHLZUoLwM"},"_chains":{"BZd9ji3fmWASrO318v2cgbSkXFnaNW+G411f1y6/hhpe":{"chainKey":{"counter":0,"key":"mVmNr9R5GVdxco61wKfgSUZBpx5n5Dcbuj0qHWWYIvs="},"chainType":1,"messageKeys":{}}},"pendingPreKey":{"signedKeyId":3,"baseKey":"Bav8WGgtvxvIlmAGQwTe5pBoutPzj+Av+IA0p/aBOQUT","preKeyId":14821288}}},"version":"v1"}