{"_sessions":{"BaSTXCJumeD2zqnqqXNuZhyyhdd2tBXu+HR7U/lT009i":{"registrationId":810904610,"currentRatchet":{"ephemeralKeyPair":{"pubKey":"BWahmb1ec+Do9LspIamk/YeKIw53soyTUC0xHy7SwNlt","privKey":"6JehHrWC6QBPTIkzOqsrtL2hzAoSIujOqBx6eZs2yUA="},"lastRemoteEphemeralKey":"BXbdeGa8SX8D6UElrNxwVbaPJtdjc6ngA0XCAmnGtENG","previousCounter":0,"rootKey":"y7DYgaBDIeAb3q0m1O3mChOQ33CsNh79LYD3Kr9zKd0="},"indexInfo":{"baseKey":"BaSTXCJumeD2zqnqqXNuZhyyhdd2tBXu+HR7U/lT009i","baseKeyType":1,"closed":-1,"used":1671602400778,"created":1671602400778,"remoteIdentityKey":"BUMaH1ehE3XRFhSj+LInVaxbdVzF9WkpNoDAF7o6l8xZ"},"_chains":{"BWahmb1ec+Do9LspIamk/YeKIw53soyTUC0xHy7SwNlt":{"chainKey":{"counter":0,"key":"4M1aJex16BTXKSWrZkQ+TMec/eJsiU5eRjrksi7sksI="},"chainType":1,"messageKeys":{}}},"pendingPreKey":{"signedKeyId":1,"baseKey":"BaSTXCJumeD2zqnqqXNuZhyyhdd2tBXu+HR7U/lT009i","preKeyId":12891779}}},"version":"v1"}