{"_sessions":{"BUQ7KjsUMlZpu7kFDL3IWefWiLz+d32reuZf9Son+wkv":{"registrationId":4043,"currentRatchet":{"ephemeralKeyPair":{"pubKey":"BQ5wPpcJtyim/wPa7YqYZ47dB1AFH/V35Xb/ZY5J/wwA","privKey":"QJ6JRX9IDHxwAwON0QefG5rZjSrlNJOUjbKnK1p2oV8="},"lastRemoteEphemeralKey":"BVLPUWeb0V5/wVVDfniyPMvZY1Gk2oSLShNJujY5jCIF","previousCounter":0,"rootKey":"5zfZmIKo46+s1j/RnICOQKqUwXrpgsRZiCM3aByaFQo="},"indexInfo":{"baseKey":"BUQ7KjsUMlZpu7kFDL3IWefWiLz+d32reuZf9Son+wkv","baseKeyType":1,"closed":-1,"used":1671602399820,"created":1671602399820,"remoteIdentityKey":"BUffviN40XQqx4Wy9eG7NrkiniuasREP6kEI0i/LlzQR"},"_chains":{"BQ5wPpcJtyim/wPa7YqYZ47dB1AFH/V35Xb/ZY5J/wwA":{"chainKey":{"counter":0,"key":"MRV3g2AZgOshDzJ6r2x+ncJQa2GSLgSbOhhJwKxhh1Y="},"chainType":1,"messageKeys":{}}},"pendingPreKey":{"signedKeyId":1,"baseKey":"BUQ7KjsUMlZpu7kFDL3IWefWiLz+d32reuZf9Son+wkv","preKeyId":774}}},"version":"v1"}