{"_sessions":{"Be7LZC1/DYyUmCCzJn/obKBCN9O1sf4SKNJh5go9qfZa":{"registrationId":1238269347,"currentRatchet":{"ephemeralKeyPair":{"pubKey":"BeYgMSGG+EtBcoXWRwpvcpbf6oOhQ6jt9UO1O7VtY1dG","privKey":"2ODcMENifGkQXKVTRvfB2f2nDYfudAlfwQrguBqG5m8="},"lastRemoteEphemeralKey":"Bfgvtze2xXpCsC5w+eYnMYuuAoc7mphqCacVWHO9jYRZ","previousCounter":0,"rootKey":"VNV0S+gYQ/TLZVaxfIpNZKA7HR1ABjFqiw93bgDwJWE="},"indexInfo":{"baseKey":"Be7LZC1/DYyUmCCzJn/obKBCN9O1sf4SKNJh5go9qfZa","baseKeyType":1,"closed":-1,"used":1671627607113,"created":1671596541843,"remoteIdentityKey":"Bf/3LtKKaPFuolQ3yxc9oIUFp5okJpi81UmYxdNnrepI"},"_chains":{"Bfgvtze2xXpCsC5w+eYnMYuuAoc7mphqCacVWHO9jYRZ":{"chainKey":{"counter":1,"key":"Oa4kaX3AtMzvyE2Z7XUieLX6HE9jFe7TuL55EXoXUaE="},"chainType":2,"messageKeys":{}},"BeYgMSGG+EtBcoXWRwpvcpbf6oOhQ6jt9UO1O7VtY1dG":{"chainKey":{"counter":-1,"key":"0VbLh0B3mdLx06VDI9zWbnXx9yijbbqd93QmYiSJcAY="},"chainType":1,"messageKeys":{}}}}},"version":"v1"}