{"_sessions":{"BWmInAl66hJwBa67zuzeQvvK/Z+s6+NRPTXQnmTmfApg":{"registrationId":1123944243,"currentRatchet":{"ephemeralKeyPair":{"pubKey":"BW6hsE/TPuauHxUGhsRlgWOJQDw69neTRsJblKq/qc1f","privKey":"uALnjFS4Rb0fQ1wqL5P32oSReuVAOnXJnZRsJRHcnE8="},"lastRemoteEphemeralKey":"BRlxCVCAZWFrFvBRDDY5QOrtQnThAJ/XS0Yb137Ek6BZ","previousCounter":0,"rootKey":"xTMyGBzpTT0vnLTy6jVnY0m2jGxTF4IdOKaIWsr8PbI="},"indexInfo":{"baseKey":"BWmInAl66hJwBa67zuzeQvvK/Z+s6+NRPTXQnmTmfApg","baseKeyType":1,"closed":-1,"used":1671602400972,"created":1671602400972,"remoteIdentityKey":"BdaNzhtxylzB1k1/uMqtKtzgkjPYHcsHHBV2ZaMfdLUt"},"_chains":{"BW6hsE/TPuauHxUGhsRlgWOJQDw69neTRsJblKq/qc1f":{"chainKey":{"counter":0,"key":"OhOITa1PYOnsP+gx/Rmf807jCmQXSGgQyp5XwTW/UpA="},"chainType":1,"messageKeys":{}}},"pendingPreKey":{"signedKeyId":6,"baseKey":"BWmInAl66hJwBa67zuzeQvvK/Z+s6+NRPTXQnmTmfApg","preKeyId":4599381}}},"version":"v1"}