{"_sessions":{"BVc1LGKTNazIkAFAJEOuOwz2BXtn2WyzRU+MnXf2+uFd":{"registrationId":628882344,"currentRatchet":{"ephemeralKeyPair":{"pubKey":"Bdr0c5GTb80zZCueMRr7TJkBMRVSVw/iroAUjy2aVfsP","privKey":"GIIc8IhqQySsD6BytlCWvvTrLtY69ENEqbWJ99fVLmE="},"lastRemoteEphemeralKey":"BTRoYTR8na1Is1RGAT3xTxmcd6Xw/D3eTGy7FT5MxxgF","previousCounter":0,"rootKey":"lgJf5A4pnF8FTUPOQ7MbpVIvOJjXLULE1s8fdd1dhn0="},"indexInfo":{"baseKey":"BVc1LGKTNazIkAFAJEOuOwz2BXtn2WyzRU+MnXf2+uFd","baseKeyType":1,"closed":-1,"used":1671602400546,"created":1671602400546,"remoteIdentityKey":"BTKUrQo55o5JvAcWPtgaZDy6t1hHCEvqdhe3tSYNFIM5"},"_chains":{"Bdr0c5GTb80zZCueMRr7TJkBMRVSVw/iroAUjy2aVfsP":{"chainKey":{"counter":0,"key":"bNOfQ8pIpLHvW1+rd9gpGYgzxLXniftAzfHG1KEImUc="},"chainType":1,"messageKeys":{}}},"pendingPreKey":{"signedKeyId":13,"baseKey":"BVc1LGKTNazIkAFAJEOuOwz2BXtn2WyzRU+MnXf2+uFd","preKeyId":10186150}}},"version":"v1"}