{"_sessions":{"BRpxt9GOKP8VTnxJQQmvTyQ78wJ7mcEpaPX/9cD5FbZR":{"registrationId":1111902174,"currentRatchet":{"ephemeralKeyPair":{"pubKey":"BZhg9PrychLu72Em+YYqyRib6+GjHs7xj+vNqghHPwIV","privKey":"4FzK05HMhuYGIsOjr6/TCP/d3AW5A/EHAGW12saaqkM="},"lastRemoteEphemeralKey":"Bbs0BoATouKmco7aQ7o+J6pFt/+2hFFIbVAvSFZ0UyBh","previousCounter":0,"rootKey":"e7EEHVw0ggBT95IR+1UncJ2u5/iiIKxui8seQlzvcSA="},"indexInfo":{"baseKey":"BRpxt9GOKP8VTnxJQQmvTyQ78wJ7mcEpaPX/9cD5FbZR","baseKeyType":1,"closed":-1,"used":1671596294475,"created":1671596294475,"remoteIdentityKey":"BXfSbiRewrBpMtfgu0SWMco8O26GY1kbmWRhAJpwsNk+"},"_chains":{"BZhg9PrychLu72Em+YYqyRib6+GjHs7xj+vNqghHPwIV":{"chainKey":{"counter":6,"key":"8V1TJ5todtviJ8GbeQ5o3gohM5TS5G+/uJB6cWsdfNY="},"chainType":1,"messageKeys":{}}},"pendingPreKey":{"signedKeyId":1,"baseKey":"BRpxt9GOKP8VTnxJQQmvTyQ78wJ7mcEpaPX/9cD5FbZR","preKeyId":16616238}}},"version":"v1"}