{"_sessions":{"BWzUPfM3YZr+bE8EPgSZHjvT6RTkpW6Vp/DOm+S9qEks":{"registrationId":1449634670,"currentRatchet":{"ephemeralKeyPair":{"pubKey":"BQYfauKsbxXERjmdxfoxmAKXZImNLvdF7K47E0B17+kV","privKey":"CG63Z33nUmS3NrOXFj8nB38hYN94nsaVLDcWOTejmVQ="},"lastRemoteEphemeralKey":"BVF/ZMj5BIXOyINX+KFBqmPO5qAgrnqI9hCNvB0QPbcV","previousCounter":0,"rootKey":"UR9HSvXM+MreMTsJiVwqNMFNAwBGet7SYI0UwMEyE6E="},"indexInfo":{"baseKey":"BWzUPfM3YZr+bE8EPgSZHjvT6RTkpW6Vp/DOm+S9qEks","baseKeyType":1,"closed":-1,"used":1671602400213,"created":1671602400213,"remoteIdentityKey":"BZ6Qmw6t4kHSd+X+7u28DY4NF2h9g6PyRhDa5u9+CWVc"},"_chains":{"BQYfauKsbxXERjmdxfoxmAKXZImNLvdF7K47E0B17+kV":{"chainKey":{"counter":0,"key":"AuP+816ouLpk0LPcIE8uOHjOi7Xvl5XudrHg+3AP7gg="},"chainType":1,"messageKeys":{}}},"pendingPreKey":{"signedKeyId":26,"baseKey":"BWzUPfM3YZr+bE8EPgSZHjvT6RTkpW6Vp/DOm+S9qEks","preKeyId":1571526}}},"version":"v1"}