{"_sessions":{"BbsBc2v9dhlxQ+UefoL8AabNf2HW0msTAvgWIimm7R5n":{"registrationId":935571737,"currentRatchet":{"ephemeralKeyPair":{"pubKey":"BU1NJhzyQl69SrDw/sWZjz/Sm77Oywc84TlYTja3+Ps7","privKey":"SD/MOJKGLbeW6bVDOGK+/MldAHSp2/BFTRHsgzynyWA="},"lastRemoteEphemeralKey":"BchKgJ+edEGifg1vjNsKu5yD352p3OTEGVeUcCtOf+F5","previousCounter":0,"rootKey":"0nInLtMzojxp0GzkTvJxQZ5UGXvVkG0o0dQRC+3Rhfg="},"indexInfo":{"baseKey":"BbsBc2v9dhlxQ+UefoL8AabNf2HW0msTAvgWIimm7R5n","baseKeyType":1,"closed":-1,"used":1671602401005,"created":1671602401005,"remoteIdentityKey":"BWhliLzQV30vyEuS1j/m2daXL/u5YdEvUPzBMupFTxkS"},"_chains":{"BU1NJhzyQl69SrDw/sWZjz/Sm77Oywc84TlYTja3+Ps7":{"chainKey":{"counter":0,"key":"i986hhoO89l7bKBvTQX2irKd7QFD2r92N1yk6ZNGcFQ="},"chainType":1,"messageKeys":{}}},"pendingPreKey":{"signedKeyId":24,"baseKey":"BbsBc2v9dhlxQ+UefoL8AabNf2HW0msTAvgWIimm7R5n","preKeyId":11567438}}},"version":"v1"}