{"_sessions":{"BYpOn32iClAqct5sEvtH2dSWEfnZ9d0YqUnZAzjCPYwP":{"registrationId":1318043766,"currentRatchet":{"ephemeralKeyPair":{"pubKey":"BR3EUTvh6t6Gq9M0V7ppOepPlOkoHeK4dOfMXcOrzPB+","privKey":"CJ3RQtHA3l+s/pleg7nGNg+GNWf9cOTba1IlT4fGqnY="},"lastRemoteEphemeralKey":"BQY3WuC0PYTOcdvTxwSlOMUW7GZMcTM6c9Lr5pPoXuIq","previousCounter":0,"rootKey":"qadu6emVDDgDkpQ2vkyIWZEpGpWDBnq7rVvgg7zLxbk="},"indexInfo":{"baseKey":"BYpOn32iClAqct5sEvtH2dSWEfnZ9d0YqUnZAzjCPYwP","baseKeyType":1,"closed":-1,"used":1671602400318,"created":1671602400318,"remoteIdentityKey":"BUHr++5KTkZAsADC1b17Wla2P1phx3xOn3a5u0kcoMRW"},"_chains":{"BR3EUTvh6t6Gq9M0V7ppOepPlOkoHeK4dOfMXcOrzPB+":{"chainKey":{"counter":0,"key":"etV5blG0Uaik9k7UTuVFg2N7BYKUaOO+Kpl7IL68Xyo="},"chainType":1,"messageKeys":{}}},"pendingPreKey":{"signedKeyId":1,"baseKey":"BYpOn32iClAqct5sEvtH2dSWEfnZ9d0YqUnZAzjCPYwP","preKeyId":1534522}}},"version":"v1"}