{"_sessions":{"BUzYtx9+fwCl/6JyiWtBocz8lGaNsBSKxLYLZ5vFZVIf":{"registrationId":264611025,"currentRatchet":{"ephemeralKeyPair":{"pubKey":"BRD4G/esvAEsNTAyKdVnZAefL2NiXx5dPPfviqJC1O99","privKey":"KMPGifAr83U9ZG6G4sKspFakWTtUChXILlW52OajZls="},"lastRemoteEphemeralKey":"BWH4dByKUjC7LCbHNEPARwVwi/2iaUVJ/IsS7p5AjRxD","previousCounter":0,"rootKey":"gLIGZMC1EhCPRs+rE5uxNgdL3VaBymIq//7UAtf1urI="},"indexInfo":{"baseKey":"BUzYtx9+fwCl/6JyiWtBocz8lGaNsBSKxLYLZ5vFZVIf","baseKeyType":1,"closed":-1,"used":1671602399981,"created":1671602399981,"remoteIdentityKey":"BWAhSu/+eWWoX2TW7pTi/m9X/6SycKww8gUVNzdtEME0"},"_chains":{"BRD4G/esvAEsNTAyKdVnZAefL2NiXx5dPPfviqJC1O99":{"chainKey":{"counter":0,"key":"92Yq/EgH/QK+KuQpuAncVIgIWloIQBmKdDceuU9YEOc="},"chainType":1,"messageKeys":{}}},"pendingPreKey":{"signedKeyId":7,"baseKey":"BUzYtx9+fwCl/6JyiWtBocz8lGaNsBSKxLYLZ5vFZVIf","preKeyId":16139687}}},"version":"v1"}