{"_sessions":{"BYZcdXvVcngkJTEl8K3mRSnTLu89z9zRVXB5Ri0RzHVT":{"registrationId":334231859,"currentRatchet":{"ephemeralKeyPair":{"pubKey":"BUAthPG3uQAYoVT79Z0zoM1vad0Sg48e6sX0O1JJU9E0","privKey":"IKPjjuWCOrVJsa9YYTvxNiaQ0oRo3Rbh/4LS6kUz5VA="},"lastRemoteEphemeralKey":"Be1oBKq+2nfVZqxWKTenoROTcWRkVDOU1rvWGVezefVr","previousCounter":0,"rootKey":"NtVqw2ge45f7ggsjjOodOpI6z+DXzTdHV4jsy7A//M8="},"indexInfo":{"baseKey":"BYZcdXvVcngkJTEl8K3mRSnTLu89z9zRVXB5Ri0RzHVT","baseKeyType":1,"closed":-1,"used":1671602400746,"created":1671602400746,"remoteIdentityKey":"BTpFxzJugnVnq/z4gIrteCnYsMFmnMM+YDqoMQqnw550"},"_chains":{"BUAthPG3uQAYoVT79Z0zoM1vad0Sg48e6sX0O1JJU9E0":{"chainKey":{"counter":0,"key":"PkdJGt0TmB2n3zwijlt62Uh2FU2p1HdsI8EU+ujBfV8="},"chainType":1,"messageKeys":{}}},"pendingPreKey":{"signedKeyId":6,"baseKey":"BYZcdXvVcngkJTEl8K3mRSnTLu89z9zRVXB5Ri0RzHVT","preKeyId":864585}}},"version":"v1"}