{"_sessions":{"BeDCl7E1hdY8fXeNAuhsYj2opZPQAI/udYTqXiNwcv8Z":{"registrationId":1622751576,"currentRatchet":{"ephemeralKeyPair":{"pubKey":"BUVQxpxGPQ3uVXTxM+OyTx2O28pPDTgTN1wJyW9zbeBZ","privKey":"kB+l/ZtFK8USpQOnHE6cl7MeVOprHUXIzHGjnInY00M="},"lastRemoteEphemeralKey":"BSWQHM9pjVlmL9bIjGoyguFnxTRySPwPzY738V6ORG0w","previousCounter":0,"rootKey":"JnhbUBZHUmqT5KOWCZPzANWfmeYKssZyb1rF/D3x0sw="},"indexInfo":{"baseKey":"BeDCl7E1hdY8fXeNAuhsYj2opZPQAI/udYTqXiNwcv8Z","baseKeyType":1,"closed":-1,"used":1671602400086,"created":1671602400086,"remoteIdentityKey":"BYB2YT1RPuK5Y1YwTOx/Ud+IZ7jMZGQT9pFwcDsZnUZh"},"_chains":{"BUVQxpxGPQ3uVXTxM+OyTx2O28pPDTgTN1wJyW9zbeBZ":{"chainKey":{"counter":0,"key":"x6OtepY5yq8ls8/vsJzYt3f8YTuDoVArxZKl57c2VhM="},"chainType":1,"messageKeys":{}}},"pendingPreKey":{"signedKeyId":2,"baseKey":"BeDCl7E1hdY8fXeNAuhsYj2opZPQAI/udYTqXiNwcv8Z","preKeyId":11481914}}},"version":"v1"}