{"_sessions":{"BUnFReg1DoPILaUWV/SceQMx+X5Hnr2dsY6T2xaH7xJa":{"registrationId":1803623977,"currentRatchet":{"ephemeralKeyPair":{"pubKey":"BfHOR8g2bXrDn7NlZOSO/QIhlwiaxCzPd7jUJarBS3oY","privKey":"+IvlMjRYHQfIOC16LxDudSbKfjc4h/TLp2RdFGeYWHc="},"lastRemoteEphemeralKey":"BYcslJGgZfhZzlZ4CmNVJUBnBDcsyb9b9X2Nx4uLmZtQ","previousCounter":0,"rootKey":"orDvlGGLGz4MqhCrovytePtEqPbzbSK0qKfoe3nEH/U="},"indexInfo":{"baseKey":"BUnFReg1DoPILaUWV/SceQMx+X5Hnr2dsY6T2xaH7xJa","baseKeyType":1,"closed":-1,"used":1671602400841,"created":1671602400841,"remoteIdentityKey":"BTSYL9/PusJooZcHiO9RxqUveMzffujPFHhDtZhUp3Ba"},"_chains":{"BfHOR8g2bXrDn7NlZOSO/QIhlwiaxCzPd7jUJarBS3oY":{"chainKey":{"counter":0,"key":"Z/cxKLOa3xV5/7fZWHV+D65YS8s1r/HJo2DrDuVP500="},"chainType":1,"messageKeys":{}}},"pendingPreKey":{"signedKeyId":2,"baseKey":"BUnFReg1DoPILaUWV/SceQMx+X5Hnr2dsY6T2xaH7xJa","preKeyId":15368599}}},"version":"v1"}