{"_sessions":{"BXtQ1dbldxvmDW6OZH6gvM4eDE9Gbst694D6mYydYnd4":{"registrationId":1342859151,"currentRatchet":{"ephemeralKeyPair":{"pubKey":"Bf8AtIFxxDnmJK/gLMm/Xp8xdGpIQPLRrqakAVM+T5ld","privKey":"+AD2ptQCY5DpemBHRgw62qHuZh3CD/1A4VcEuncgumw="},"lastRemoteEphemeralKey":"BUEGGiIiNFZH44x127DqoF4jIkuFKU+JrlrfxYDmAeo5","previousCounter":0,"rootKey":"8zduNp9PEt8HSBhXQfh2x3b3+IxR1TOKd5CNmLNOduw="},"indexInfo":{"baseKey":"BXtQ1dbldxvmDW6OZH6gvM4eDE9Gbst694D6mYydYnd4","baseKeyType":1,"closed":-1,"used":1671602399943,"created":1671602399943,"remoteIdentityKey":"BYEh4q4gRwgPsXpYv0Ik6zlY/Ps7YXpCvFpXlIpfxlgc"},"_chains":{"Bf8AtIFxxDnmJK/gLMm/Xp8xdGpIQPLRrqakAVM+T5ld":{"chainKey":{"counter":0,"key":"GjK03wsGvAFYB9c6TFmSMgvjfBpcEw9zUbCTGtbQWoo="},"chainType":1,"messageKeys":{}}},"pendingPreKey":{"signedKeyId":2,"baseKey":"BXtQ1dbldxvmDW6OZH6gvM4eDE9Gbst694D6mYydYnd4","preKeyId":14962816}}},"version":"v1"}