{"_sessions":{"BTwyUdEqHqs9S8+21VmdqXSZ0iK1Cv1bmcprMXKr+XUA":{"registrationId":1716112339,"currentRatchet":{"ephemeralKeyPair":{"pubKey":"BfkagJWgtVWE5CzCW1v+T6eenI9BtnLRj6ohlzdpycUC","privKey":"mLVjaXPPrro87oOJqlWWDjBtIXZSGNOVZ1jBVR0NIGg="},"lastRemoteEphemeralKey":"BS1qL7esw1fmLUdzYgEzmkxjR7RxvJZap8w01VFUqMZe","previousCounter":0,"rootKey":"OA18p0PhdUzKjM3dN2CUSw5Ho9BUclgMRMI0NSpR/WQ="},"indexInfo":{"baseKey":"BTwyUdEqHqs9S8+21VmdqXSZ0iK1Cv1bmcprMXKr+XUA","baseKeyType":1,"closed":-1,"used":1671602400510,"created":1671602400510,"remoteIdentityKey":"BerKMPE7yQbTZIS9tCalkHhtEu1P6TwMmGIRPL90MHEx"},"_chains":{"BfkagJWgtVWE5CzCW1v+T6eenI9BtnLRj6ohlzdpycUC":{"chainKey":{"counter":0,"key":"RdYo9JVridWUGcn9IN8eZGXXeZrVgoJDZDAmjpXmOZ4="},"chainType":1,"messageKeys":{}}},"pendingPreKey":{"signedKeyId":9,"baseKey":"BTwyUdEqHqs9S8+21VmdqXSZ0iK1Cv1bmcprMXKr+XUA","preKeyId":546245}}},"version":"v1"}