{"_sessions":{"Bb9a4/HMXiRQrzuR4aMi4UVKxsF71Lg7TmiWTQkVh1dQ":{"registrationId":59118835,"currentRatchet":{"ephemeralKeyPair":{"pubKey":"BWCi/giAsEALX2ilgQCk4rHCSoxdccAyZj2JC4YrYrkJ","privKey":"4LaeL3XU9GJN9lrK9Vcs1RSjv6hr3VbLjrbFTmbO2UI="},"lastRemoteEphemeralKey":"BcIM7orJ+Joh11jMyh9gvpgZfWBU6wTSIz88gLjXGT5p","previousCounter":0,"rootKey":"wt7sbhgjUM7tlTz/inVHyw4hq8Zepo9GZ9sSqDivD8M="},"indexInfo":{"baseKey":"Bb9a4/HMXiRQrzuR4aMi4UVKxsF71Lg7TmiWTQkVh1dQ","baseKeyType":1,"closed":-1,"used":1671602401134,"created":1671602401134,"remoteIdentityKey":"BdKyhzvHpnSZ3+OXijsBMdcHZ8b9QabaLjN2Vbnth6VD"},"_chains":{"BWCi/giAsEALX2ilgQCk4rHCSoxdccAyZj2JC4YrYrkJ":{"chainKey":{"counter":0,"key":"YyVfL1wosXHExvLphhJB4h3V8C7OKWBR3UfnHYDCku0="},"chainType":1,"messageKeys":{}}},"pendingPreKey":{"signedKeyId":1,"baseKey":"Bb9a4/HMXiRQrzuR4aMi4UVKxsF71Lg7TmiWTQkVh1dQ","preKeyId":9342506}}},"version":"v1"}